Copyright 1986-2019 Xilinx, Inc. All Rights Reserved.
-----------------------------------------------------------------------------------------------------------------------------------------------------------------------------------------------
| Tool Version : Vivado v.2019.1 (win64) Build 2552052 Fri May 24 14:49:42 MDT 2019
| Date         : Mon May 30 18:26:58 2022
| Host         : Envy running 64-bit major release  (build 9200)
| Command      : report_timing_summary -max_paths 10 -file topLevel_timing_summary_routed.rpt -pb topLevel_timing_summary_routed.pb -rpx topLevel_timing_summary_routed.rpx -warn_on_violation
| Design       : topLevel
| Device       : 7a35t-cpg236
| Speed File   : -1  PRODUCTION 1.23 2018-06-13
-----------------------------------------------------------------------------------------------------------------------------------------------------------------------------------------------

Timing Summary Report

------------------------------------------------------------------------------------------------
| Timer Settings
| --------------
------------------------------------------------------------------------------------------------

  Enable Multi Corner Analysis               :  Yes
  Enable Pessimism Removal                   :  Yes
  Pessimism Removal Resolution               :  Nearest Common Node
  Enable Input Delay Default Clock           :  No
  Enable Preset / Clear Arcs                 :  No
  Disable Flight Delays                      :  No
  Ignore I/O Paths                           :  No
  Timing Early Launch at Borrowing Latches   :  No
  Borrow Time for Max Delay Exceptions       :  Yes

  Corner  Analyze    Analyze    
  Name    Max Paths  Min Paths  
  ------  ---------  ---------  
  Slow    Yes        Yes        
  Fast    Yes        Yes        



check_timing report

Table of Contents
-----------------
1. checking no_clock
2. checking constant_clock
3. checking pulse_width_clock
4. checking unconstrained_internal_endpoints
5. checking no_input_delay
6. checking no_output_delay
7. checking multiple_clock
8. checking generated_clocks
9. checking loops
10. checking partial_input_delay
11. checking partial_output_delay
12. checking latch_loops

1. checking no_clock
--------------------
 There are 0 register/latch pins with no clock.


2. checking constant_clock
--------------------------
 There are 0 register/latch pins with constant_clock.


3. checking pulse_width_clock
-----------------------------
 There are 0 register/latch pins which need pulse_width check


4. checking unconstrained_internal_endpoints
--------------------------------------------
 There are 0 pins that are not constrained for maximum delay.

 There are 0 pins that are not constrained for maximum delay due to constant clock.


5. checking no_input_delay
--------------------------
 There are 4 input ports with no input delay specified. (HIGH)

 There are 0 input ports with no input delay but user has a false path constraint.


6. checking no_output_delay
---------------------------
 There are 28 ports with no output delay specified. (HIGH)

 There are 0 ports with no output delay but user has a false path constraint

 There are 0 ports with no output delay but with a timing clock defined on it or propagating through it


7. checking multiple_clock
--------------------------
 There are 0 register/latch pins with multiple clocks.


8. checking generated_clocks
----------------------------
 There are 0 generated clocks that are not connected to a clock source.


9. checking loops
-----------------
 There are 0 combinational loops in the design.


10. checking partial_input_delay
--------------------------------
 There are 0 input ports with partial input delay specified.


11. checking partial_output_delay
---------------------------------
 There are 0 ports with partial output delay specified.


12. checking latch_loops
------------------------
 There are 0 combinational latch loops in the design through latch input



------------------------------------------------------------------------------------------------
| Design Timing Summary
| ---------------------
------------------------------------------------------------------------------------------------

    WNS(ns)      TNS(ns)  TNS Failing Endpoints  TNS Total Endpoints      WHS(ns)      THS(ns)  THS Failing Endpoints  THS Total Endpoints     WPWS(ns)     TPWS(ns)  TPWS Failing Endpoints  TPWS Total Endpoints  
    -------      -------  ---------------------  -------------------      -------      -------  ---------------------  -------------------     --------     --------  ----------------------  --------------------  
     30.847        0.000                      0                  446        0.181        0.000                      0                  446        3.000        0.000                       0                   174  


All user specified timing constraints are met.


------------------------------------------------------------------------------------------------
| Clock Summary
| -------------
------------------------------------------------------------------------------------------------

Clock                 Waveform(ns)       Period(ns)      Frequency(MHz)
-----                 ------------       ----------      --------------
sys_clk_pin           {0.000 5.000}      10.000          100.000         
  clk_out1_clk_wiz_0  {0.000 20.000}     40.000          25.000          
  clkfbout_clk_wiz_0  {0.000 5.000}      10.000          100.000         


------------------------------------------------------------------------------------------------
| Intra Clock Table
| -----------------
------------------------------------------------------------------------------------------------

Clock                     WNS(ns)      TNS(ns)  TNS Failing Endpoints  TNS Total Endpoints      WHS(ns)      THS(ns)  THS Failing Endpoints  THS Total Endpoints     WPWS(ns)     TPWS(ns)  TPWS Failing Endpoints  TPWS Total Endpoints  
-----                     -------      -------  ---------------------  -------------------      -------      -------  ---------------------  -------------------     --------     --------  ----------------------  --------------------  
sys_clk_pin                                                                                                                                                             3.000        0.000                       0                     1  
  clk_out1_clk_wiz_0       30.847        0.000                      0                  446        0.181        0.000                      0                  446       19.500        0.000                       0                   170  
  clkfbout_clk_wiz_0                                                                                                                                                    7.845        0.000                       0                     3  


------------------------------------------------------------------------------------------------
| Inter Clock Table
| -----------------
------------------------------------------------------------------------------------------------

From Clock    To Clock          WNS(ns)      TNS(ns)  TNS Failing Endpoints  TNS Total Endpoints      WHS(ns)      THS(ns)  THS Failing Endpoints  THS Total Endpoints  
----------    --------          -------      -------  ---------------------  -------------------      -------      -------  ---------------------  -------------------  


------------------------------------------------------------------------------------------------
| Other Path Groups Table
| -----------------------
------------------------------------------------------------------------------------------------

Path Group    From Clock    To Clock          WNS(ns)      TNS(ns)  TNS Failing Endpoints  TNS Total Endpoints      WHS(ns)      THS(ns)  THS Failing Endpoints  THS Total Endpoints  
----------    ----------    --------          -------      -------  ---------------------  -------------------      -------      -------  ---------------------  -------------------  


------------------------------------------------------------------------------------------------
| Timing Details
| --------------
------------------------------------------------------------------------------------------------


---------------------------------------------------------------------------------------------------
From Clock:  sys_clk_pin
  To Clock:  sys_clk_pin

Setup :           NA  Failing Endpoints,  Worst Slack           NA  ,  Total Violation           NA
Hold  :           NA  Failing Endpoints,  Worst Slack           NA  ,  Total Violation           NA
PW    :            0  Failing Endpoints,  Worst Slack        3.000ns,  Total Violation        0.000ns
---------------------------------------------------------------------------------------------------


Pulse Width Checks
--------------------------------------------------------------------------------------
Clock Name:         sys_clk_pin
Waveform(ns):       { 0.000 5.000 }
Period(ns):         10.000
Sources:            { clkin }

Check Type        Corner  Lib Pin            Reference Pin  Required(ns)  Actual(ns)  Slack(ns)  Location         Pin
Min Period        n/a     MMCME2_ADV/CLKIN1  n/a            1.249         10.000      8.751      MMCME2_ADV_X1Y0  not_so_slow/my_clk_inst/mmcm_adv_inst/CLKIN1
Max Period        n/a     MMCME2_ADV/CLKIN1  n/a            100.000       10.000      90.000     MMCME2_ADV_X1Y0  not_so_slow/my_clk_inst/mmcm_adv_inst/CLKIN1
Low Pulse Width   Fast    MMCME2_ADV/CLKIN1  n/a            2.000         5.000       3.000      MMCME2_ADV_X1Y0  not_so_slow/my_clk_inst/mmcm_adv_inst/CLKIN1
Low Pulse Width   Slow    MMCME2_ADV/CLKIN1  n/a            2.000         5.000       3.000      MMCME2_ADV_X1Y0  not_so_slow/my_clk_inst/mmcm_adv_inst/CLKIN1
High Pulse Width  Slow    MMCME2_ADV/CLKIN1  n/a            2.000         5.000       3.000      MMCME2_ADV_X1Y0  not_so_slow/my_clk_inst/mmcm_adv_inst/CLKIN1
High Pulse Width  Fast    MMCME2_ADV/CLKIN1  n/a            2.000         5.000       3.000      MMCME2_ADV_X1Y0  not_so_slow/my_clk_inst/mmcm_adv_inst/CLKIN1



---------------------------------------------------------------------------------------------------
From Clock:  clk_out1_clk_wiz_0
  To Clock:  clk_out1_clk_wiz_0

Setup :            0  Failing Endpoints,  Worst Slack       30.847ns,  Total Violation        0.000ns
Hold  :            0  Failing Endpoints,  Worst Slack        0.181ns,  Total Violation        0.000ns
PW    :            0  Failing Endpoints,  Worst Slack       19.500ns,  Total Violation        0.000ns
---------------------------------------------------------------------------------------------------


Max Delay Paths
--------------------------------------------------------------------------------------
Slack (MET) :             30.847ns  (required time - arrival time)
  Source:                 coords/h0/q_1/C
                            (rising edge-triggered cell FDRE clocked by clk_out1_clk_wiz_0  {rise@0.000ns fall@20.000ns period=40.000ns})
  Destination:            score/full0/q_0/CE
                            (rising edge-triggered cell FDRE clocked by clk_out1_clk_wiz_0  {rise@0.000ns fall@20.000ns period=40.000ns})
  Path Group:             clk_out1_clk_wiz_0
  Path Type:              Setup (Max at Slow Process Corner)
  Requirement:            40.000ns  (clk_out1_clk_wiz_0 rise@40.000ns - clk_out1_clk_wiz_0 rise@0.000ns)
  Data Path Delay:        8.680ns  (logic 1.616ns (18.618%)  route 7.064ns (81.383%))
  Logic Levels:           6  (LUT2=1 LUT4=1 LUT5=2 LUT6=2)
  Clock Path Skew:        0.033ns (DCD - SCD + CPR)
    Destination Clock Delay (DCD):    -1.475ns = ( 38.525 - 40.000 ) 
    Source Clock Delay      (SCD):    -0.945ns
    Clock Pessimism Removal (CPR):    0.564ns
  Clock Uncertainty:      0.094ns  ((TSJ^2 + DJ^2)^1/2) / 2 + PE
    Total System Jitter     (TSJ):    0.071ns
    Discrete Jitter          (DJ):    0.175ns
    Phase Error              (PE):    0.000ns

    Location             Delay type                Incr(ns)  Path(ns)    Netlist Resource(s)
  -------------------------------------------------------------------    -------------------
                         (clock clk_out1_clk_wiz_0 rise edge)
                                                      0.000     0.000 r  
    W5                                                0.000     0.000 r  clkin (IN)
                         net (fo=0)                   0.000     0.000    not_so_slow/my_clk_inst/clkin
    W5                   IBUF (Prop_ibuf_I_O)         1.458     1.458 r  not_so_slow/my_clk_inst/clkin1_ibufg/O
                         net (fo=1, routed)           1.233     2.691    not_so_slow/my_clk_inst/clk_in1_clk_wiz_0
    MMCME2_ADV_X1Y0      MMCME2_ADV (Prop_mmcme2_adv_CLKIN1_CLKOUT0)
                                                     -6.961    -4.269 r  not_so_slow/my_clk_inst/mmcm_adv_inst/CLKOUT0
                         net (fo=1, routed)           1.661    -2.608    not_so_slow/slowclk/fastclk
    BUFGCTRL_X0Y0        BUFG (Prop_bufg_I_O)         0.096    -2.512 r  not_so_slow/slowclk/XLXI_401/O
                         net (fo=168, routed)         1.567    -0.945    coords/h0/clk_out
    SLICE_X8Y40          FDRE                                         r  coords/h0/q_1/C
  -------------------------------------------------------------------    -------------------
    SLICE_X8Y40          FDRE (Prop_fdre_C_Q)         0.478    -0.467 r  coords/h0/q_1/Q
                         net (fo=31, routed)          1.543     1.076    coords/h0/q_1_0
    SLICE_X9Y37          LUT5 (Prop_lut5_I0_O)        0.295     1.371 f  coords/h0/q_1_i_3__1/O
                         net (fo=1, routed)           0.665     2.036    coords/h4/q_1_9
    SLICE_X9Y37          LUT6 (Prop_lut6_I5_O)        0.124     2.160 r  coords/h4/q_1_i_1__11/O
                         net (fo=10, routed)          1.240     3.400    coords/v0/resetH
    SLICE_X2Y37          LUT6 (Prop_lut6_I5_O)        0.124     3.524 r  coords/v0/q_3_i_2__5/O
                         net (fo=44, routed)          1.581     5.105    plantcount1/frame
    SLICE_X8Y44          LUT4 (Prop_lut4_I3_O)        0.124     5.229 f  plantcount1/q_3_i_3__3/O
                         net (fo=8, routed)           1.125     6.354    score/quarter/q_1_3
    SLICE_X5Y47          LUT5 (Prop_lut5_I0_O)        0.152     6.506 f  score/quarter/q_3_i_3__2/O
                         net (fo=7, routed)           0.434     6.940    states/q_3_1
    SLICE_X6Y47          LUT2 (Prop_lut2_I1_O)        0.319     7.259 r  states/q_3_i_1__2/O
                         net (fo=4, routed)           0.477     7.735    score/full0/CE0
    SLICE_X3Y47          FDRE                                         r  score/full0/q_0/CE
  -------------------------------------------------------------------    -------------------

                         (clock clk_out1_clk_wiz_0 rise edge)
                                                     40.000    40.000 r  
    W5                                                0.000    40.000 r  clkin (IN)
                         net (fo=0)                   0.000    40.000    not_so_slow/my_clk_inst/clkin
    W5                   IBUF (Prop_ibuf_I_O)         1.388    41.388 r  not_so_slow/my_clk_inst/clkin1_ibufg/O
                         net (fo=1, routed)           1.162    42.550    not_so_slow/my_clk_inst/clk_in1_clk_wiz_0
    MMCME2_ADV_X1Y0      MMCME2_ADV (Prop_mmcme2_adv_CLKIN1_CLKOUT0)
                                                     -7.217    35.332 r  not_so_slow/my_clk_inst/mmcm_adv_inst/CLKOUT0
                         net (fo=1, routed)           1.581    36.914    not_so_slow/slowclk/fastclk
    BUFGCTRL_X0Y0        BUFG (Prop_bufg_I_O)         0.091    37.005 r  not_so_slow/slowclk/XLXI_401/O
                         net (fo=168, routed)         1.520    38.525    score/full0/clk
    SLICE_X3Y47          FDRE                                         r  score/full0/q_0/C
                         clock pessimism              0.564    39.088    
                         clock uncertainty           -0.094    38.994    
    SLICE_X3Y47          FDRE (Setup_fdre_C_CE)      -0.412    38.582    score/full0/q_0
  -------------------------------------------------------------------
                         required time                         38.582    
                         arrival time                          -7.735    
  -------------------------------------------------------------------
                         slack                                 30.847    

Slack (MET) :             30.847ns  (required time - arrival time)
  Source:                 coords/h0/q_1/C
                            (rising edge-triggered cell FDRE clocked by clk_out1_clk_wiz_0  {rise@0.000ns fall@20.000ns period=40.000ns})
  Destination:            score/full0/q_1/CE
                            (rising edge-triggered cell FDRE clocked by clk_out1_clk_wiz_0  {rise@0.000ns fall@20.000ns period=40.000ns})
  Path Group:             clk_out1_clk_wiz_0
  Path Type:              Setup (Max at Slow Process Corner)
  Requirement:            40.000ns  (clk_out1_clk_wiz_0 rise@40.000ns - clk_out1_clk_wiz_0 rise@0.000ns)
  Data Path Delay:        8.680ns  (logic 1.616ns (18.618%)  route 7.064ns (81.383%))
  Logic Levels:           6  (LUT2=1 LUT4=1 LUT5=2 LUT6=2)
  Clock Path Skew:        0.033ns (DCD - SCD + CPR)
    Destination Clock Delay (DCD):    -1.475ns = ( 38.525 - 40.000 ) 
    Source Clock Delay      (SCD):    -0.945ns
    Clock Pessimism Removal (CPR):    0.564ns
  Clock Uncertainty:      0.094ns  ((TSJ^2 + DJ^2)^1/2) / 2 + PE
    Total System Jitter     (TSJ):    0.071ns
    Discrete Jitter          (DJ):    0.175ns
    Phase Error              (PE):    0.000ns

    Location             Delay type                Incr(ns)  Path(ns)    Netlist Resource(s)
  -------------------------------------------------------------------    -------------------
                         (clock clk_out1_clk_wiz_0 rise edge)
                                                      0.000     0.000 r  
    W5                                                0.000     0.000 r  clkin (IN)
                         net (fo=0)                   0.000     0.000    not_so_slow/my_clk_inst/clkin
    W5                   IBUF (Prop_ibuf_I_O)         1.458     1.458 r  not_so_slow/my_clk_inst/clkin1_ibufg/O
                         net (fo=1, routed)           1.233     2.691    not_so_slow/my_clk_inst/clk_in1_clk_wiz_0
    MMCME2_ADV_X1Y0      MMCME2_ADV (Prop_mmcme2_adv_CLKIN1_CLKOUT0)
                                                     -6.961    -4.269 r  not_so_slow/my_clk_inst/mmcm_adv_inst/CLKOUT0
                         net (fo=1, routed)           1.661    -2.608    not_so_slow/slowclk/fastclk
    BUFGCTRL_X0Y0        BUFG (Prop_bufg_I_O)         0.096    -2.512 r  not_so_slow/slowclk/XLXI_401/O
                         net (fo=168, routed)         1.567    -0.945    coords/h0/clk_out
    SLICE_X8Y40          FDRE                                         r  coords/h0/q_1/C
  -------------------------------------------------------------------    -------------------
    SLICE_X8Y40          FDRE (Prop_fdre_C_Q)         0.478    -0.467 r  coords/h0/q_1/Q
                         net (fo=31, routed)          1.543     1.076    coords/h0/q_1_0
    SLICE_X9Y37          LUT5 (Prop_lut5_I0_O)        0.295     1.371 f  coords/h0/q_1_i_3__1/O
                         net (fo=1, routed)           0.665     2.036    coords/h4/q_1_9
    SLICE_X9Y37          LUT6 (Prop_lut6_I5_O)        0.124     2.160 r  coords/h4/q_1_i_1__11/O
                         net (fo=10, routed)          1.240     3.400    coords/v0/resetH
    SLICE_X2Y37          LUT6 (Prop_lut6_I5_O)        0.124     3.524 r  coords/v0/q_3_i_2__5/O
                         net (fo=44, routed)          1.581     5.105    plantcount1/frame
    SLICE_X8Y44          LUT4 (Prop_lut4_I3_O)        0.124     5.229 f  plantcount1/q_3_i_3__3/O
                         net (fo=8, routed)           1.125     6.354    score/quarter/q_1_3
    SLICE_X5Y47          LUT5 (Prop_lut5_I0_O)        0.152     6.506 f  score/quarter/q_3_i_3__2/O
                         net (fo=7, routed)           0.434     6.940    states/q_3_1
    SLICE_X6Y47          LUT2 (Prop_lut2_I1_O)        0.319     7.259 r  states/q_3_i_1__2/O
                         net (fo=4, routed)           0.477     7.735    score/full0/CE0
    SLICE_X3Y47          FDRE                                         r  score/full0/q_1/CE
  -------------------------------------------------------------------    -------------------

                         (clock clk_out1_clk_wiz_0 rise edge)
                                                     40.000    40.000 r  
    W5                                                0.000    40.000 r  clkin (IN)
                         net (fo=0)                   0.000    40.000    not_so_slow/my_clk_inst/clkin
    W5                   IBUF (Prop_ibuf_I_O)         1.388    41.388 r  not_so_slow/my_clk_inst/clkin1_ibufg/O
                         net (fo=1, routed)           1.162    42.550    not_so_slow/my_clk_inst/clk_in1_clk_wiz_0
    MMCME2_ADV_X1Y0      MMCME2_ADV (Prop_mmcme2_adv_CLKIN1_CLKOUT0)
                                                     -7.217    35.332 r  not_so_slow/my_clk_inst/mmcm_adv_inst/CLKOUT0
                         net (fo=1, routed)           1.581    36.914    not_so_slow/slowclk/fastclk
    BUFGCTRL_X0Y0        BUFG (Prop_bufg_I_O)         0.091    37.005 r  not_so_slow/slowclk/XLXI_401/O
                         net (fo=168, routed)         1.520    38.525    score/full0/clk
    SLICE_X3Y47          FDRE                                         r  score/full0/q_1/C
                         clock pessimism              0.564    39.088    
                         clock uncertainty           -0.094    38.994    
    SLICE_X3Y47          FDRE (Setup_fdre_C_CE)      -0.412    38.582    score/full0/q_1
  -------------------------------------------------------------------
                         required time                         38.582    
                         arrival time                          -7.735    
  -------------------------------------------------------------------
                         slack                                 30.847    

Slack (MET) :             30.847ns  (required time - arrival time)
  Source:                 coords/h0/q_1/C
                            (rising edge-triggered cell FDRE clocked by clk_out1_clk_wiz_0  {rise@0.000ns fall@20.000ns period=40.000ns})
  Destination:            score/full0/q_2/CE
                            (rising edge-triggered cell FDRE clocked by clk_out1_clk_wiz_0  {rise@0.000ns fall@20.000ns period=40.000ns})
  Path Group:             clk_out1_clk_wiz_0
  Path Type:              Setup (Max at Slow Process Corner)
  Requirement:            40.000ns  (clk_out1_clk_wiz_0 rise@40.000ns - clk_out1_clk_wiz_0 rise@0.000ns)
  Data Path Delay:        8.680ns  (logic 1.616ns (18.618%)  route 7.064ns (81.383%))
  Logic Levels:           6  (LUT2=1 LUT4=1 LUT5=2 LUT6=2)
  Clock Path Skew:        0.033ns (DCD - SCD + CPR)
    Destination Clock Delay (DCD):    -1.475ns = ( 38.525 - 40.000 ) 
    Source Clock Delay      (SCD):    -0.945ns
    Clock Pessimism Removal (CPR):    0.564ns
  Clock Uncertainty:      0.094ns  ((TSJ^2 + DJ^2)^1/2) / 2 + PE
    Total System Jitter     (TSJ):    0.071ns
    Discrete Jitter          (DJ):    0.175ns
    Phase Error              (PE):    0.000ns

    Location             Delay type                Incr(ns)  Path(ns)    Netlist Resource(s)
  -------------------------------------------------------------------    -------------------
                         (clock clk_out1_clk_wiz_0 rise edge)
                                                      0.000     0.000 r  
    W5                                                0.000     0.000 r  clkin (IN)
                         net (fo=0)                   0.000     0.000    not_so_slow/my_clk_inst/clkin
    W5                   IBUF (Prop_ibuf_I_O)         1.458     1.458 r  not_so_slow/my_clk_inst/clkin1_ibufg/O
                         net (fo=1, routed)           1.233     2.691    not_so_slow/my_clk_inst/clk_in1_clk_wiz_0
    MMCME2_ADV_X1Y0      MMCME2_ADV (Prop_mmcme2_adv_CLKIN1_CLKOUT0)
                                                     -6.961    -4.269 r  not_so_slow/my_clk_inst/mmcm_adv_inst/CLKOUT0
                         net (fo=1, routed)           1.661    -2.608    not_so_slow/slowclk/fastclk
    BUFGCTRL_X0Y0        BUFG (Prop_bufg_I_O)         0.096    -2.512 r  not_so_slow/slowclk/XLXI_401/O
                         net (fo=168, routed)         1.567    -0.945    coords/h0/clk_out
    SLICE_X8Y40          FDRE                                         r  coords/h0/q_1/C
  -------------------------------------------------------------------    -------------------
    SLICE_X8Y40          FDRE (Prop_fdre_C_Q)         0.478    -0.467 r  coords/h0/q_1/Q
                         net (fo=31, routed)          1.543     1.076    coords/h0/q_1_0
    SLICE_X9Y37          LUT5 (Prop_lut5_I0_O)        0.295     1.371 f  coords/h0/q_1_i_3__1/O
                         net (fo=1, routed)           0.665     2.036    coords/h4/q_1_9
    SLICE_X9Y37          LUT6 (Prop_lut6_I5_O)        0.124     2.160 r  coords/h4/q_1_i_1__11/O
                         net (fo=10, routed)          1.240     3.400    coords/v0/resetH
    SLICE_X2Y37          LUT6 (Prop_lut6_I5_O)        0.124     3.524 r  coords/v0/q_3_i_2__5/O
                         net (fo=44, routed)          1.581     5.105    plantcount1/frame
    SLICE_X8Y44          LUT4 (Prop_lut4_I3_O)        0.124     5.229 f  plantcount1/q_3_i_3__3/O
                         net (fo=8, routed)           1.125     6.354    score/quarter/q_1_3
    SLICE_X5Y47          LUT5 (Prop_lut5_I0_O)        0.152     6.506 f  score/quarter/q_3_i_3__2/O
                         net (fo=7, routed)           0.434     6.940    states/q_3_1
    SLICE_X6Y47          LUT2 (Prop_lut2_I1_O)        0.319     7.259 r  states/q_3_i_1__2/O
                         net (fo=4, routed)           0.477     7.735    score/full0/CE0
    SLICE_X3Y47          FDRE                                         r  score/full0/q_2/CE
  -------------------------------------------------------------------    -------------------

                         (clock clk_out1_clk_wiz_0 rise edge)
                                                     40.000    40.000 r  
    W5                                                0.000    40.000 r  clkin (IN)
                         net (fo=0)                   0.000    40.000    not_so_slow/my_clk_inst/clkin
    W5                   IBUF (Prop_ibuf_I_O)         1.388    41.388 r  not_so_slow/my_clk_inst/clkin1_ibufg/O
                         net (fo=1, routed)           1.162    42.550    not_so_slow/my_clk_inst/clk_in1_clk_wiz_0
    MMCME2_ADV_X1Y0      MMCME2_ADV (Prop_mmcme2_adv_CLKIN1_CLKOUT0)
                                                     -7.217    35.332 r  not_so_slow/my_clk_inst/mmcm_adv_inst/CLKOUT0
                         net (fo=1, routed)           1.581    36.914    not_so_slow/slowclk/fastclk
    BUFGCTRL_X0Y0        BUFG (Prop_bufg_I_O)         0.091    37.005 r  not_so_slow/slowclk/XLXI_401/O
                         net (fo=168, routed)         1.520    38.525    score/full0/clk
    SLICE_X3Y47          FDRE                                         r  score/full0/q_2/C
                         clock pessimism              0.564    39.088    
                         clock uncertainty           -0.094    38.994    
    SLICE_X3Y47          FDRE (Setup_fdre_C_CE)      -0.412    38.582    score/full0/q_2
  -------------------------------------------------------------------
                         required time                         38.582    
                         arrival time                          -7.735    
  -------------------------------------------------------------------
                         slack                                 30.847    

Slack (MET) :             30.847ns  (required time - arrival time)
  Source:                 coords/h0/q_1/C
                            (rising edge-triggered cell FDRE clocked by clk_out1_clk_wiz_0  {rise@0.000ns fall@20.000ns period=40.000ns})
  Destination:            score/full0/q_3/CE
                            (rising edge-triggered cell FDRE clocked by clk_out1_clk_wiz_0  {rise@0.000ns fall@20.000ns period=40.000ns})
  Path Group:             clk_out1_clk_wiz_0
  Path Type:              Setup (Max at Slow Process Corner)
  Requirement:            40.000ns  (clk_out1_clk_wiz_0 rise@40.000ns - clk_out1_clk_wiz_0 rise@0.000ns)
  Data Path Delay:        8.680ns  (logic 1.616ns (18.618%)  route 7.064ns (81.383%))
  Logic Levels:           6  (LUT2=1 LUT4=1 LUT5=2 LUT6=2)
  Clock Path Skew:        0.033ns (DCD - SCD + CPR)
    Destination Clock Delay (DCD):    -1.475ns = ( 38.525 - 40.000 ) 
    Source Clock Delay      (SCD):    -0.945ns
    Clock Pessimism Removal (CPR):    0.564ns
  Clock Uncertainty:      0.094ns  ((TSJ^2 + DJ^2)^1/2) / 2 + PE
    Total System Jitter     (TSJ):    0.071ns
    Discrete Jitter          (DJ):    0.175ns
    Phase Error              (PE):    0.000ns

    Location             Delay type                Incr(ns)  Path(ns)    Netlist Resource(s)
  -------------------------------------------------------------------    -------------------
                         (clock clk_out1_clk_wiz_0 rise edge)
                                                      0.000     0.000 r  
    W5                                                0.000     0.000 r  clkin (IN)
                         net (fo=0)                   0.000     0.000    not_so_slow/my_clk_inst/clkin
    W5                   IBUF (Prop_ibuf_I_O)         1.458     1.458 r  not_so_slow/my_clk_inst/clkin1_ibufg/O
                         net (fo=1, routed)           1.233     2.691    not_so_slow/my_clk_inst/clk_in1_clk_wiz_0
    MMCME2_ADV_X1Y0      MMCME2_ADV (Prop_mmcme2_adv_CLKIN1_CLKOUT0)
                                                     -6.961    -4.269 r  not_so_slow/my_clk_inst/mmcm_adv_inst/CLKOUT0
                         net (fo=1, routed)           1.661    -2.608    not_so_slow/slowclk/fastclk
    BUFGCTRL_X0Y0        BUFG (Prop_bufg_I_O)         0.096    -2.512 r  not_so_slow/slowclk/XLXI_401/O
                         net (fo=168, routed)         1.567    -0.945    coords/h0/clk_out
    SLICE_X8Y40          FDRE                                         r  coords/h0/q_1/C
  -------------------------------------------------------------------    -------------------
    SLICE_X8Y40          FDRE (Prop_fdre_C_Q)         0.478    -0.467 r  coords/h0/q_1/Q
                         net (fo=31, routed)          1.543     1.076    coords/h0/q_1_0
    SLICE_X9Y37          LUT5 (Prop_lut5_I0_O)        0.295     1.371 f  coords/h0/q_1_i_3__1/O
                         net (fo=1, routed)           0.665     2.036    coords/h4/q_1_9
    SLICE_X9Y37          LUT6 (Prop_lut6_I5_O)        0.124     2.160 r  coords/h4/q_1_i_1__11/O
                         net (fo=10, routed)          1.240     3.400    coords/v0/resetH
    SLICE_X2Y37          LUT6 (Prop_lut6_I5_O)        0.124     3.524 r  coords/v0/q_3_i_2__5/O
                         net (fo=44, routed)          1.581     5.105    plantcount1/frame
    SLICE_X8Y44          LUT4 (Prop_lut4_I3_O)        0.124     5.229 f  plantcount1/q_3_i_3__3/O
                         net (fo=8, routed)           1.125     6.354    score/quarter/q_1_3
    SLICE_X5Y47          LUT5 (Prop_lut5_I0_O)        0.152     6.506 f  score/quarter/q_3_i_3__2/O
                         net (fo=7, routed)           0.434     6.940    states/q_3_1
    SLICE_X6Y47          LUT2 (Prop_lut2_I1_O)        0.319     7.259 r  states/q_3_i_1__2/O
                         net (fo=4, routed)           0.477     7.735    score/full0/CE0
    SLICE_X3Y47          FDRE                                         r  score/full0/q_3/CE
  -------------------------------------------------------------------    -------------------

                         (clock clk_out1_clk_wiz_0 rise edge)
                                                     40.000    40.000 r  
    W5                                                0.000    40.000 r  clkin (IN)
                         net (fo=0)                   0.000    40.000    not_so_slow/my_clk_inst/clkin
    W5                   IBUF (Prop_ibuf_I_O)         1.388    41.388 r  not_so_slow/my_clk_inst/clkin1_ibufg/O
                         net (fo=1, routed)           1.162    42.550    not_so_slow/my_clk_inst/clk_in1_clk_wiz_0
    MMCME2_ADV_X1Y0      MMCME2_ADV (Prop_mmcme2_adv_CLKIN1_CLKOUT0)
                                                     -7.217    35.332 r  not_so_slow/my_clk_inst/mmcm_adv_inst/CLKOUT0
                         net (fo=1, routed)           1.581    36.914    not_so_slow/slowclk/fastclk
    BUFGCTRL_X0Y0        BUFG (Prop_bufg_I_O)         0.091    37.005 r  not_so_slow/slowclk/XLXI_401/O
                         net (fo=168, routed)         1.520    38.525    score/full0/clk
    SLICE_X3Y47          FDRE                                         r  score/full0/q_3/C
                         clock pessimism              0.564    39.088    
                         clock uncertainty           -0.094    38.994    
    SLICE_X3Y47          FDRE (Setup_fdre_C_CE)      -0.412    38.582    score/full0/q_3
  -------------------------------------------------------------------
                         required time                         38.582    
                         arrival time                          -7.735    
  -------------------------------------------------------------------
                         slack                                 30.847    

Slack (MET) :             30.963ns  (required time - arrival time)
  Source:                 coords/h0/q_1/C
                            (rising edge-triggered cell FDRE clocked by clk_out1_clk_wiz_0  {rise@0.000ns fall@20.000ns period=40.000ns})
  Destination:            score/full1/q_1/CE
                            (rising edge-triggered cell FDRE clocked by clk_out1_clk_wiz_0  {rise@0.000ns fall@20.000ns period=40.000ns})
  Path Group:             clk_out1_clk_wiz_0
  Path Type:              Setup (Max at Slow Process Corner)
  Requirement:            40.000ns  (clk_out1_clk_wiz_0 rise@40.000ns - clk_out1_clk_wiz_0 rise@0.000ns)
  Data Path Delay:        8.768ns  (logic 1.623ns (18.510%)  route 7.145ns (81.490%))
  Logic Levels:           6  (LUT4=1 LUT5=2 LUT6=3)
  Clock Path Skew:        0.031ns (DCD - SCD + CPR)
    Destination Clock Delay (DCD):    -1.477ns = ( 38.523 - 40.000 ) 
    Source Clock Delay      (SCD):    -0.945ns
    Clock Pessimism Removal (CPR):    0.564ns
  Clock Uncertainty:      0.094ns  ((TSJ^2 + DJ^2)^1/2) / 2 + PE
    Total System Jitter     (TSJ):    0.071ns
    Discrete Jitter          (DJ):    0.175ns
    Phase Error              (PE):    0.000ns

    Location             Delay type                Incr(ns)  Path(ns)    Netlist Resource(s)
  -------------------------------------------------------------------    -------------------
                         (clock clk_out1_clk_wiz_0 rise edge)
                                                      0.000     0.000 r  
    W5                                                0.000     0.000 r  clkin (IN)
                         net (fo=0)                   0.000     0.000    not_so_slow/my_clk_inst/clkin
    W5                   IBUF (Prop_ibuf_I_O)         1.458     1.458 r  not_so_slow/my_clk_inst/clkin1_ibufg/O
                         net (fo=1, routed)           1.233     2.691    not_so_slow/my_clk_inst/clk_in1_clk_wiz_0
    MMCME2_ADV_X1Y0      MMCME2_ADV (Prop_mmcme2_adv_CLKIN1_CLKOUT0)
                                                     -6.961    -4.269 r  not_so_slow/my_clk_inst/mmcm_adv_inst/CLKOUT0
                         net (fo=1, routed)           1.661    -2.608    not_so_slow/slowclk/fastclk
    BUFGCTRL_X0Y0        BUFG (Prop_bufg_I_O)         0.096    -2.512 r  not_so_slow/slowclk/XLXI_401/O
                         net (fo=168, routed)         1.567    -0.945    coords/h0/clk_out
    SLICE_X8Y40          FDRE                                         r  coords/h0/q_1/C
  -------------------------------------------------------------------    -------------------
    SLICE_X8Y40          FDRE (Prop_fdre_C_Q)         0.478    -0.467 r  coords/h0/q_1/Q
                         net (fo=31, routed)          1.543     1.076    coords/h0/q_1_0
    SLICE_X9Y37          LUT5 (Prop_lut5_I0_O)        0.295     1.371 f  coords/h0/q_1_i_3__1/O
                         net (fo=1, routed)           0.665     2.036    coords/h4/q_1_9
    SLICE_X9Y37          LUT6 (Prop_lut6_I5_O)        0.124     2.160 r  coords/h4/q_1_i_1__11/O
                         net (fo=10, routed)          1.240     3.400    coords/v0/resetH
    SLICE_X2Y37          LUT6 (Prop_lut6_I5_O)        0.124     3.524 r  coords/v0/q_3_i_2__5/O
                         net (fo=44, routed)          1.581     5.105    plantcount1/frame
    SLICE_X8Y44          LUT4 (Prop_lut4_I3_O)        0.124     5.229 f  plantcount1/q_3_i_3__3/O
                         net (fo=8, routed)           1.125     6.354    score/quarter/q_1_3
    SLICE_X5Y47          LUT5 (Prop_lut5_I0_O)        0.152     6.506 f  score/quarter/q_3_i_3__2/O
                         net (fo=7, routed)           0.358     6.864    score/full0/q_0_1
    SLICE_X2Y47          LUT6 (Prop_lut6_I1_O)        0.326     7.190 r  score/full0/q_3_i_1__3/O
                         net (fo=4, routed)           0.634     7.824    score/full1/CE0_0
    SLICE_X4Y47          FDRE                                         r  score/full1/q_1/CE
  -------------------------------------------------------------------    -------------------

                         (clock clk_out1_clk_wiz_0 rise edge)
                                                     40.000    40.000 r  
    W5                                                0.000    40.000 r  clkin (IN)
                         net (fo=0)                   0.000    40.000    not_so_slow/my_clk_inst/clkin
    W5                   IBUF (Prop_ibuf_I_O)         1.388    41.388 r  not_so_slow/my_clk_inst/clkin1_ibufg/O
                         net (fo=1, routed)           1.162    42.550    not_so_slow/my_clk_inst/clk_in1_clk_wiz_0
    MMCME2_ADV_X1Y0      MMCME2_ADV (Prop_mmcme2_adv_CLKIN1_CLKOUT0)
                                                     -7.217    35.332 r  not_so_slow/my_clk_inst/mmcm_adv_inst/CLKOUT0
                         net (fo=1, routed)           1.581    36.914    not_so_slow/slowclk/fastclk
    BUFGCTRL_X0Y0        BUFG (Prop_bufg_I_O)         0.091    37.005 r  not_so_slow/slowclk/XLXI_401/O
                         net (fo=168, routed)         1.518    38.523    score/full1/clk
    SLICE_X4Y47          FDRE                                         r  score/full1/q_1/C
                         clock pessimism              0.564    39.086    
                         clock uncertainty           -0.094    38.992    
    SLICE_X4Y47          FDRE (Setup_fdre_C_CE)      -0.205    38.787    score/full1/q_1
  -------------------------------------------------------------------
                         required time                         38.787    
                         arrival time                          -7.824    
  -------------------------------------------------------------------
                         slack                                 30.963    

Slack (MET) :             30.963ns  (required time - arrival time)
  Source:                 coords/h0/q_1/C
                            (rising edge-triggered cell FDRE clocked by clk_out1_clk_wiz_0  {rise@0.000ns fall@20.000ns period=40.000ns})
  Destination:            score/full1/q_2/CE
                            (rising edge-triggered cell FDRE clocked by clk_out1_clk_wiz_0  {rise@0.000ns fall@20.000ns period=40.000ns})
  Path Group:             clk_out1_clk_wiz_0
  Path Type:              Setup (Max at Slow Process Corner)
  Requirement:            40.000ns  (clk_out1_clk_wiz_0 rise@40.000ns - clk_out1_clk_wiz_0 rise@0.000ns)
  Data Path Delay:        8.768ns  (logic 1.623ns (18.510%)  route 7.145ns (81.490%))
  Logic Levels:           6  (LUT4=1 LUT5=2 LUT6=3)
  Clock Path Skew:        0.031ns (DCD - SCD + CPR)
    Destination Clock Delay (DCD):    -1.477ns = ( 38.523 - 40.000 ) 
    Source Clock Delay      (SCD):    -0.945ns
    Clock Pessimism Removal (CPR):    0.564ns
  Clock Uncertainty:      0.094ns  ((TSJ^2 + DJ^2)^1/2) / 2 + PE
    Total System Jitter     (TSJ):    0.071ns
    Discrete Jitter          (DJ):    0.175ns
    Phase Error              (PE):    0.000ns

    Location             Delay type                Incr(ns)  Path(ns)    Netlist Resource(s)
  -------------------------------------------------------------------    -------------------
                         (clock clk_out1_clk_wiz_0 rise edge)
                                                      0.000     0.000 r  
    W5                                                0.000     0.000 r  clkin (IN)
                         net (fo=0)                   0.000     0.000    not_so_slow/my_clk_inst/clkin
    W5                   IBUF (Prop_ibuf_I_O)         1.458     1.458 r  not_so_slow/my_clk_inst/clkin1_ibufg/O
                         net (fo=1, routed)           1.233     2.691    not_so_slow/my_clk_inst/clk_in1_clk_wiz_0
    MMCME2_ADV_X1Y0      MMCME2_ADV (Prop_mmcme2_adv_CLKIN1_CLKOUT0)
                                                     -6.961    -4.269 r  not_so_slow/my_clk_inst/mmcm_adv_inst/CLKOUT0
                         net (fo=1, routed)           1.661    -2.608    not_so_slow/slowclk/fastclk
    BUFGCTRL_X0Y0        BUFG (Prop_bufg_I_O)         0.096    -2.512 r  not_so_slow/slowclk/XLXI_401/O
                         net (fo=168, routed)         1.567    -0.945    coords/h0/clk_out
    SLICE_X8Y40          FDRE                                         r  coords/h0/q_1/C
  -------------------------------------------------------------------    -------------------
    SLICE_X8Y40          FDRE (Prop_fdre_C_Q)         0.478    -0.467 r  coords/h0/q_1/Q
                         net (fo=31, routed)          1.543     1.076    coords/h0/q_1_0
    SLICE_X9Y37          LUT5 (Prop_lut5_I0_O)        0.295     1.371 f  coords/h0/q_1_i_3__1/O
                         net (fo=1, routed)           0.665     2.036    coords/h4/q_1_9
    SLICE_X9Y37          LUT6 (Prop_lut6_I5_O)        0.124     2.160 r  coords/h4/q_1_i_1__11/O
                         net (fo=10, routed)          1.240     3.400    coords/v0/resetH
    SLICE_X2Y37          LUT6 (Prop_lut6_I5_O)        0.124     3.524 r  coords/v0/q_3_i_2__5/O
                         net (fo=44, routed)          1.581     5.105    plantcount1/frame
    SLICE_X8Y44          LUT4 (Prop_lut4_I3_O)        0.124     5.229 f  plantcount1/q_3_i_3__3/O
                         net (fo=8, routed)           1.125     6.354    score/quarter/q_1_3
    SLICE_X5Y47          LUT5 (Prop_lut5_I0_O)        0.152     6.506 f  score/quarter/q_3_i_3__2/O
                         net (fo=7, routed)           0.358     6.864    score/full0/q_0_1
    SLICE_X2Y47          LUT6 (Prop_lut6_I1_O)        0.326     7.190 r  score/full0/q_3_i_1__3/O
                         net (fo=4, routed)           0.634     7.824    score/full1/CE0_0
    SLICE_X4Y47          FDRE                                         r  score/full1/q_2/CE
  -------------------------------------------------------------------    -------------------

                         (clock clk_out1_clk_wiz_0 rise edge)
                                                     40.000    40.000 r  
    W5                                                0.000    40.000 r  clkin (IN)
                         net (fo=0)                   0.000    40.000    not_so_slow/my_clk_inst/clkin
    W5                   IBUF (Prop_ibuf_I_O)         1.388    41.388 r  not_so_slow/my_clk_inst/clkin1_ibufg/O
                         net (fo=1, routed)           1.162    42.550    not_so_slow/my_clk_inst/clk_in1_clk_wiz_0
    MMCME2_ADV_X1Y0      MMCME2_ADV (Prop_mmcme2_adv_CLKIN1_CLKOUT0)
                                                     -7.217    35.332 r  not_so_slow/my_clk_inst/mmcm_adv_inst/CLKOUT0
                         net (fo=1, routed)           1.581    36.914    not_so_slow/slowclk/fastclk
    BUFGCTRL_X0Y0        BUFG (Prop_bufg_I_O)         0.091    37.005 r  not_so_slow/slowclk/XLXI_401/O
                         net (fo=168, routed)         1.518    38.523    score/full1/clk
    SLICE_X4Y47          FDRE                                         r  score/full1/q_2/C
                         clock pessimism              0.564    39.086    
                         clock uncertainty           -0.094    38.992    
    SLICE_X4Y47          FDRE (Setup_fdre_C_CE)      -0.205    38.787    score/full1/q_2
  -------------------------------------------------------------------
                         required time                         38.787    
                         arrival time                          -7.824    
  -------------------------------------------------------------------
                         slack                                 30.963    

Slack (MET) :             30.963ns  (required time - arrival time)
  Source:                 coords/h0/q_1/C
                            (rising edge-triggered cell FDRE clocked by clk_out1_clk_wiz_0  {rise@0.000ns fall@20.000ns period=40.000ns})
  Destination:            score/full1/q_3/CE
                            (rising edge-triggered cell FDRE clocked by clk_out1_clk_wiz_0  {rise@0.000ns fall@20.000ns period=40.000ns})
  Path Group:             clk_out1_clk_wiz_0
  Path Type:              Setup (Max at Slow Process Corner)
  Requirement:            40.000ns  (clk_out1_clk_wiz_0 rise@40.000ns - clk_out1_clk_wiz_0 rise@0.000ns)
  Data Path Delay:        8.768ns  (logic 1.623ns (18.510%)  route 7.145ns (81.490%))
  Logic Levels:           6  (LUT4=1 LUT5=2 LUT6=3)
  Clock Path Skew:        0.031ns (DCD - SCD + CPR)
    Destination Clock Delay (DCD):    -1.477ns = ( 38.523 - 40.000 ) 
    Source Clock Delay      (SCD):    -0.945ns
    Clock Pessimism Removal (CPR):    0.564ns
  Clock Uncertainty:      0.094ns  ((TSJ^2 + DJ^2)^1/2) / 2 + PE
    Total System Jitter     (TSJ):    0.071ns
    Discrete Jitter          (DJ):    0.175ns
    Phase Error              (PE):    0.000ns

    Location             Delay type                Incr(ns)  Path(ns)    Netlist Resource(s)
  -------------------------------------------------------------------    -------------------
                         (clock clk_out1_clk_wiz_0 rise edge)
                                                      0.000     0.000 r  
    W5                                                0.000     0.000 r  clkin (IN)
                         net (fo=0)                   0.000     0.000    not_so_slow/my_clk_inst/clkin
    W5                   IBUF (Prop_ibuf_I_O)         1.458     1.458 r  not_so_slow/my_clk_inst/clkin1_ibufg/O
                         net (fo=1, routed)           1.233     2.691    not_so_slow/my_clk_inst/clk_in1_clk_wiz_0
    MMCME2_ADV_X1Y0      MMCME2_ADV (Prop_mmcme2_adv_CLKIN1_CLKOUT0)
                                                     -6.961    -4.269 r  not_so_slow/my_clk_inst/mmcm_adv_inst/CLKOUT0
                         net (fo=1, routed)           1.661    -2.608    not_so_slow/slowclk/fastclk
    BUFGCTRL_X0Y0        BUFG (Prop_bufg_I_O)         0.096    -2.512 r  not_so_slow/slowclk/XLXI_401/O
                         net (fo=168, routed)         1.567    -0.945    coords/h0/clk_out
    SLICE_X8Y40          FDRE                                         r  coords/h0/q_1/C
  -------------------------------------------------------------------    -------------------
    SLICE_X8Y40          FDRE (Prop_fdre_C_Q)         0.478    -0.467 r  coords/h0/q_1/Q
                         net (fo=31, routed)          1.543     1.076    coords/h0/q_1_0
    SLICE_X9Y37          LUT5 (Prop_lut5_I0_O)        0.295     1.371 f  coords/h0/q_1_i_3__1/O
                         net (fo=1, routed)           0.665     2.036    coords/h4/q_1_9
    SLICE_X9Y37          LUT6 (Prop_lut6_I5_O)        0.124     2.160 r  coords/h4/q_1_i_1__11/O
                         net (fo=10, routed)          1.240     3.400    coords/v0/resetH
    SLICE_X2Y37          LUT6 (Prop_lut6_I5_O)        0.124     3.524 r  coords/v0/q_3_i_2__5/O
                         net (fo=44, routed)          1.581     5.105    plantcount1/frame
    SLICE_X8Y44          LUT4 (Prop_lut4_I3_O)        0.124     5.229 f  plantcount1/q_3_i_3__3/O
                         net (fo=8, routed)           1.125     6.354    score/quarter/q_1_3
    SLICE_X5Y47          LUT5 (Prop_lut5_I0_O)        0.152     6.506 f  score/quarter/q_3_i_3__2/O
                         net (fo=7, routed)           0.358     6.864    score/full0/q_0_1
    SLICE_X2Y47          LUT6 (Prop_lut6_I1_O)        0.326     7.190 r  score/full0/q_3_i_1__3/O
                         net (fo=4, routed)           0.634     7.824    score/full1/CE0_0
    SLICE_X4Y47          FDRE                                         r  score/full1/q_3/CE
  -------------------------------------------------------------------    -------------------

                         (clock clk_out1_clk_wiz_0 rise edge)
                                                     40.000    40.000 r  
    W5                                                0.000    40.000 r  clkin (IN)
                         net (fo=0)                   0.000    40.000    not_so_slow/my_clk_inst/clkin
    W5                   IBUF (Prop_ibuf_I_O)         1.388    41.388 r  not_so_slow/my_clk_inst/clkin1_ibufg/O
                         net (fo=1, routed)           1.162    42.550    not_so_slow/my_clk_inst/clk_in1_clk_wiz_0
    MMCME2_ADV_X1Y0      MMCME2_ADV (Prop_mmcme2_adv_CLKIN1_CLKOUT0)
                                                     -7.217    35.332 r  not_so_slow/my_clk_inst/mmcm_adv_inst/CLKOUT0
                         net (fo=1, routed)           1.581    36.914    not_so_slow/slowclk/fastclk
    BUFGCTRL_X0Y0        BUFG (Prop_bufg_I_O)         0.091    37.005 r  not_so_slow/slowclk/XLXI_401/O
                         net (fo=168, routed)         1.518    38.523    score/full1/clk
    SLICE_X4Y47          FDRE                                         r  score/full1/q_3/C
                         clock pessimism              0.564    39.086    
                         clock uncertainty           -0.094    38.992    
    SLICE_X4Y47          FDRE (Setup_fdre_C_CE)      -0.205    38.787    score/full1/q_3
  -------------------------------------------------------------------
                         required time                         38.787    
                         arrival time                          -7.824    
  -------------------------------------------------------------------
                         slack                                 30.963    

Slack (MET) :             31.019ns  (required time - arrival time)
  Source:                 jumpcontrol/counter/count0/q_0/C
                            (rising edge-triggered cell FDRE clocked by clk_out1_clk_wiz_0  {rise@0.000ns fall@20.000ns period=40.000ns})
  Destination:            jumpcontrol/q_6/D
                            (rising edge-triggered cell FDRE clocked by clk_out1_clk_wiz_0  {rise@0.000ns fall@20.000ns period=40.000ns})
  Path Group:             clk_out1_clk_wiz_0
  Path Type:              Setup (Max at Slow Process Corner)
  Requirement:            40.000ns  (clk_out1_clk_wiz_0 rise@40.000ns - clk_out1_clk_wiz_0 rise@0.000ns)
  Data Path Delay:        8.795ns  (logic 3.078ns (34.997%)  route 5.717ns (65.003%))
  Logic Levels:           9  (CARRY4=3 LUT3=1 LUT4=1 LUT5=3 LUT6=1)
  Clock Path Skew:        -0.024ns (DCD - SCD + CPR)
    Destination Clock Delay (DCD):    -1.476ns = ( 38.524 - 40.000 ) 
    Source Clock Delay      (SCD):    -0.875ns
    Clock Pessimism Removal (CPR):    0.578ns
  Clock Uncertainty:      0.094ns  ((TSJ^2 + DJ^2)^1/2) / 2 + PE
    Total System Jitter     (TSJ):    0.071ns
    Discrete Jitter          (DJ):    0.175ns
    Phase Error              (PE):    0.000ns

    Location             Delay type                Incr(ns)  Path(ns)    Netlist Resource(s)
  -------------------------------------------------------------------    -------------------
                         (clock clk_out1_clk_wiz_0 rise edge)
                                                      0.000     0.000 r  
    W5                                                0.000     0.000 r  clkin (IN)
                         net (fo=0)                   0.000     0.000    not_so_slow/my_clk_inst/clkin
    W5                   IBUF (Prop_ibuf_I_O)         1.458     1.458 r  not_so_slow/my_clk_inst/clkin1_ibufg/O
                         net (fo=1, routed)           1.233     2.691    not_so_slow/my_clk_inst/clk_in1_clk_wiz_0
    MMCME2_ADV_X1Y0      MMCME2_ADV (Prop_mmcme2_adv_CLKIN1_CLKOUT0)
                                                     -6.961    -4.269 r  not_so_slow/my_clk_inst/mmcm_adv_inst/CLKOUT0
                         net (fo=1, routed)           1.661    -2.608    not_so_slow/slowclk/fastclk
    BUFGCTRL_X0Y0        BUFG (Prop_bufg_I_O)         0.096    -2.512 r  not_so_slow/slowclk/XLXI_401/O
                         net (fo=168, routed)         1.637    -0.875    jumpcontrol/counter/count0/clk_out
    SLICE_X3Y42          FDRE                                         r  jumpcontrol/counter/count0/q_0/C
  -------------------------------------------------------------------    -------------------
    SLICE_X3Y42          FDRE (Prop_fdre_C_Q)         0.456    -0.419 r  jumpcontrol/counter/count0/q_0/Q
                         net (fo=11, routed)          0.664     0.246    jumpcontrol/Q_0[0]
    SLICE_X0Y40          CARRY4 (Prop_carry4_S[0]_O[1])
                                                      0.548     0.794 f  jumpcontrol/starty6_carry/O[1]
                         net (fo=7, routed)           0.881     1.675    jumpcontrol/starty6_carry_n_6
    SLICE_X1Y40          LUT3 (Prop_lut3_I0_O)        0.331     2.006 r  jumpcontrol/color2_carry_i_25/O
                         net (fo=2, routed)           0.448     2.454    jumpcontrol/color2_carry_i_25_n_0
    SLICE_X1Y40          LUT5 (Prop_lut5_I1_O)        0.326     2.780 r  jumpcontrol/color2_carry_i_14/O
                         net (fo=12, routed)          1.186     3.965    jumpcontrol/q_1_1
    SLICE_X0Y38          LUT4 (Prop_lut4_I1_O)        0.124     4.089 r  jumpcontrol/color2_carry_i_11/O
                         net (fo=2, routed)           0.711     4.800    jumpcontrol/color2_carry_i_11_n_0
    SLICE_X1Y38          LUT5 (Prop_lut5_I0_O)        0.124     4.924 r  jumpcontrol/color2_carry_i_5/O
                         net (fo=1, routed)           0.000     4.924    froggy/color2_carry__0_1[3]
    SLICE_X1Y38          CARRY4 (Prop_carry4_S[3]_CO[3])
                                                      0.401     5.325 r  froggy/color2_carry/CO[3]
                         net (fo=1, routed)           0.000     5.325    froggy/color2_carry_n_0
    SLICE_X1Y39          CARRY4 (Prop_carry4_CI_CO[0])
                                                      0.271     5.596 f  froggy/color2_carry__0/CO[0]
                         net (fo=1, routed)           0.418     6.014    froggy/color2_carry__0_n_3
    SLICE_X2Y39          LUT5 (Prop_lut5_I1_O)        0.373     6.387 f  froggy/vgaRed_OBUF[3]_inst_i_1/O
                         net (fo=24, routed)          0.663     7.050    jumpcontrol/counter/count0/vgaRed_OBUF[0]
    SLICE_X0Y43          LUT6 (Prop_lut6_I0_O)        0.124     7.174 r  jumpcontrol/counter/count0/q_1_i_1__16/O
                         net (fo=2, routed)           0.746     7.921    jumpcontrol/nextdive
    SLICE_X1Y43          FDRE                                         r  jumpcontrol/q_6/D
  -------------------------------------------------------------------    -------------------

                         (clock clk_out1_clk_wiz_0 rise edge)
                                                     40.000    40.000 r  
    W5                                                0.000    40.000 r  clkin (IN)
                         net (fo=0)                   0.000    40.000    not_so_slow/my_clk_inst/clkin
    W5                   IBUF (Prop_ibuf_I_O)         1.388    41.388 r  not_so_slow/my_clk_inst/clkin1_ibufg/O
                         net (fo=1, routed)           1.162    42.550    not_so_slow/my_clk_inst/clk_in1_clk_wiz_0
    MMCME2_ADV_X1Y0      MMCME2_ADV (Prop_mmcme2_adv_CLKIN1_CLKOUT0)
                                                     -7.217    35.332 r  not_so_slow/my_clk_inst/mmcm_adv_inst/CLKOUT0
                         net (fo=1, routed)           1.581    36.914    not_so_slow/slowclk/fastclk
    BUFGCTRL_X0Y0        BUFG (Prop_bufg_I_O)         0.091    37.005 r  not_so_slow/slowclk/XLXI_401/O
                         net (fo=168, routed)         1.519    38.524    jumpcontrol/clk_out
    SLICE_X1Y43          FDRE                                         r  jumpcontrol/q_6/C
                         clock pessimism              0.578    39.101    
                         clock uncertainty           -0.094    39.007    
    SLICE_X1Y43          FDRE (Setup_fdre_C_D)       -0.067    38.940    jumpcontrol/q_6
  -------------------------------------------------------------------
                         required time                         38.940    
                         arrival time                          -7.921    
  -------------------------------------------------------------------
                         slack                                 31.019    

Slack (MET) :             31.045ns  (required time - arrival time)
  Source:                 jumpcontrol/counter/count0/q_0/C
                            (rising edge-triggered cell FDRE clocked by clk_out1_clk_wiz_0  {rise@0.000ns fall@20.000ns period=40.000ns})
  Destination:            jumpcontrol/q_6/CE
                            (rising edge-triggered cell FDRE clocked by clk_out1_clk_wiz_0  {rise@0.000ns fall@20.000ns period=40.000ns})
  Path Group:             clk_out1_clk_wiz_0
  Path Type:              Setup (Max at Slow Process Corner)
  Requirement:            40.000ns  (clk_out1_clk_wiz_0 rise@40.000ns - clk_out1_clk_wiz_0 rise@0.000ns)
  Data Path Delay:        8.632ns  (logic 3.078ns (35.659%)  route 5.554ns (64.341%))
  Logic Levels:           9  (CARRY4=3 LUT3=1 LUT4=1 LUT5=3 LUT6=1)
  Clock Path Skew:        -0.024ns (DCD - SCD + CPR)
    Destination Clock Delay (DCD):    -1.476ns = ( 38.524 - 40.000 ) 
    Source Clock Delay      (SCD):    -0.875ns
    Clock Pessimism Removal (CPR):    0.578ns
  Clock Uncertainty:      0.094ns  ((TSJ^2 + DJ^2)^1/2) / 2 + PE
    Total System Jitter     (TSJ):    0.071ns
    Discrete Jitter          (DJ):    0.175ns
    Phase Error              (PE):    0.000ns

    Location             Delay type                Incr(ns)  Path(ns)    Netlist Resource(s)
  -------------------------------------------------------------------    -------------------
                         (clock clk_out1_clk_wiz_0 rise edge)
                                                      0.000     0.000 r  
    W5                                                0.000     0.000 r  clkin (IN)
                         net (fo=0)                   0.000     0.000    not_so_slow/my_clk_inst/clkin
    W5                   IBUF (Prop_ibuf_I_O)         1.458     1.458 r  not_so_slow/my_clk_inst/clkin1_ibufg/O
                         net (fo=1, routed)           1.233     2.691    not_so_slow/my_clk_inst/clk_in1_clk_wiz_0
    MMCME2_ADV_X1Y0      MMCME2_ADV (Prop_mmcme2_adv_CLKIN1_CLKOUT0)
                                                     -6.961    -4.269 r  not_so_slow/my_clk_inst/mmcm_adv_inst/CLKOUT0
                         net (fo=1, routed)           1.661    -2.608    not_so_slow/slowclk/fastclk
    BUFGCTRL_X0Y0        BUFG (Prop_bufg_I_O)         0.096    -2.512 r  not_so_slow/slowclk/XLXI_401/O
                         net (fo=168, routed)         1.637    -0.875    jumpcontrol/counter/count0/clk_out
    SLICE_X3Y42          FDRE                                         r  jumpcontrol/counter/count0/q_0/C
  -------------------------------------------------------------------    -------------------
    SLICE_X3Y42          FDRE (Prop_fdre_C_Q)         0.456    -0.419 r  jumpcontrol/counter/count0/q_0/Q
                         net (fo=11, routed)          0.664     0.246    jumpcontrol/Q_0[0]
    SLICE_X0Y40          CARRY4 (Prop_carry4_S[0]_O[1])
                                                      0.548     0.794 f  jumpcontrol/starty6_carry/O[1]
                         net (fo=7, routed)           0.881     1.675    jumpcontrol/starty6_carry_n_6
    SLICE_X1Y40          LUT3 (Prop_lut3_I0_O)        0.331     2.006 r  jumpcontrol/color2_carry_i_25/O
                         net (fo=2, routed)           0.448     2.454    jumpcontrol/color2_carry_i_25_n_0
    SLICE_X1Y40          LUT5 (Prop_lut5_I1_O)        0.326     2.780 r  jumpcontrol/color2_carry_i_14/O
                         net (fo=12, routed)          1.186     3.965    jumpcontrol/q_1_1
    SLICE_X0Y38          LUT4 (Prop_lut4_I1_O)        0.124     4.089 r  jumpcontrol/color2_carry_i_11/O
                         net (fo=2, routed)           0.711     4.800    jumpcontrol/color2_carry_i_11_n_0
    SLICE_X1Y38          LUT5 (Prop_lut5_I0_O)        0.124     4.924 r  jumpcontrol/color2_carry_i_5/O
                         net (fo=1, routed)           0.000     4.924    froggy/color2_carry__0_1[3]
    SLICE_X1Y38          CARRY4 (Prop_carry4_S[3]_CO[3])
                                                      0.401     5.325 r  froggy/color2_carry/CO[3]
                         net (fo=1, routed)           0.000     5.325    froggy/color2_carry_n_0
    SLICE_X1Y39          CARRY4 (Prop_carry4_CI_CO[0])
                                                      0.271     5.596 f  froggy/color2_carry__0/CO[0]
                         net (fo=1, routed)           0.418     6.014    froggy/color2_carry__0_n_3
    SLICE_X2Y39          LUT5 (Prop_lut5_I1_O)        0.373     6.387 f  froggy/vgaRed_OBUF[3]_inst_i_1/O
                         net (fo=24, routed)          0.656     7.043    jumpcontrol/counter/count0/vgaRed_OBUF[0]
    SLICE_X1Y43          LUT6 (Prop_lut6_I5_O)        0.124     7.167 r  jumpcontrol/counter/count0/q_7_i_1/O
                         net (fo=2, routed)           0.591     7.757    jumpcontrol/CE0
    SLICE_X1Y43          FDRE                                         r  jumpcontrol/q_6/CE
  -------------------------------------------------------------------    -------------------

                         (clock clk_out1_clk_wiz_0 rise edge)
                                                     40.000    40.000 r  
    W5                                                0.000    40.000 r  clkin (IN)
                         net (fo=0)                   0.000    40.000    not_so_slow/my_clk_inst/clkin
    W5                   IBUF (Prop_ibuf_I_O)         1.388    41.388 r  not_so_slow/my_clk_inst/clkin1_ibufg/O
                         net (fo=1, routed)           1.162    42.550    not_so_slow/my_clk_inst/clk_in1_clk_wiz_0
    MMCME2_ADV_X1Y0      MMCME2_ADV (Prop_mmcme2_adv_CLKIN1_CLKOUT0)
                                                     -7.217    35.332 r  not_so_slow/my_clk_inst/mmcm_adv_inst/CLKOUT0
                         net (fo=1, routed)           1.581    36.914    not_so_slow/slowclk/fastclk
    BUFGCTRL_X0Y0        BUFG (Prop_bufg_I_O)         0.091    37.005 r  not_so_slow/slowclk/XLXI_401/O
                         net (fo=168, routed)         1.519    38.524    jumpcontrol/clk_out
    SLICE_X1Y43          FDRE                                         r  jumpcontrol/q_6/C
                         clock pessimism              0.578    39.101    
                         clock uncertainty           -0.094    39.007    
    SLICE_X1Y43          FDRE (Setup_fdre_C_CE)      -0.205    38.802    jumpcontrol/q_6
  -------------------------------------------------------------------
                         required time                         38.802    
                         arrival time                          -7.757    
  -------------------------------------------------------------------
                         slack                                 31.045    

Slack (MET) :             31.045ns  (required time - arrival time)
  Source:                 jumpcontrol/counter/count0/q_0/C
                            (rising edge-triggered cell FDRE clocked by clk_out1_clk_wiz_0  {rise@0.000ns fall@20.000ns period=40.000ns})
  Destination:            jumpcontrol/q_7/CE
                            (rising edge-triggered cell FDRE clocked by clk_out1_clk_wiz_0  {rise@0.000ns fall@20.000ns period=40.000ns})
  Path Group:             clk_out1_clk_wiz_0
  Path Type:              Setup (Max at Slow Process Corner)
  Requirement:            40.000ns  (clk_out1_clk_wiz_0 rise@40.000ns - clk_out1_clk_wiz_0 rise@0.000ns)
  Data Path Delay:        8.632ns  (logic 3.078ns (35.659%)  route 5.554ns (64.341%))
  Logic Levels:           9  (CARRY4=3 LUT3=1 LUT4=1 LUT5=3 LUT6=1)
  Clock Path Skew:        -0.024ns (DCD - SCD + CPR)
    Destination Clock Delay (DCD):    -1.476ns = ( 38.524 - 40.000 ) 
    Source Clock Delay      (SCD):    -0.875ns
    Clock Pessimism Removal (CPR):    0.578ns
  Clock Uncertainty:      0.094ns  ((TSJ^2 + DJ^2)^1/2) / 2 + PE
    Total System Jitter     (TSJ):    0.071ns
    Discrete Jitter          (DJ):    0.175ns
    Phase Error              (PE):    0.000ns

    Location             Delay type                Incr(ns)  Path(ns)    Netlist Resource(s)
  -------------------------------------------------------------------    -------------------
                         (clock clk_out1_clk_wiz_0 rise edge)
                                                      0.000     0.000 r  
    W5                                                0.000     0.000 r  clkin (IN)
                         net (fo=0)                   0.000     0.000    not_so_slow/my_clk_inst/clkin
    W5                   IBUF (Prop_ibuf_I_O)         1.458     1.458 r  not_so_slow/my_clk_inst/clkin1_ibufg/O
                         net (fo=1, routed)           1.233     2.691    not_so_slow/my_clk_inst/clk_in1_clk_wiz_0
    MMCME2_ADV_X1Y0      MMCME2_ADV (Prop_mmcme2_adv_CLKIN1_CLKOUT0)
                                                     -6.961    -4.269 r  not_so_slow/my_clk_inst/mmcm_adv_inst/CLKOUT0
                         net (fo=1, routed)           1.661    -2.608    not_so_slow/slowclk/fastclk
    BUFGCTRL_X0Y0        BUFG (Prop_bufg_I_O)         0.096    -2.512 r  not_so_slow/slowclk/XLXI_401/O
                         net (fo=168, routed)         1.637    -0.875    jumpcontrol/counter/count0/clk_out
    SLICE_X3Y42          FDRE                                         r  jumpcontrol/counter/count0/q_0/C
  -------------------------------------------------------------------    -------------------
    SLICE_X3Y42          FDRE (Prop_fdre_C_Q)         0.456    -0.419 r  jumpcontrol/counter/count0/q_0/Q
                         net (fo=11, routed)          0.664     0.246    jumpcontrol/Q_0[0]
    SLICE_X0Y40          CARRY4 (Prop_carry4_S[0]_O[1])
                                                      0.548     0.794 f  jumpcontrol/starty6_carry/O[1]
                         net (fo=7, routed)           0.881     1.675    jumpcontrol/starty6_carry_n_6
    SLICE_X1Y40          LUT3 (Prop_lut3_I0_O)        0.331     2.006 r  jumpcontrol/color2_carry_i_25/O
                         net (fo=2, routed)           0.448     2.454    jumpcontrol/color2_carry_i_25_n_0
    SLICE_X1Y40          LUT5 (Prop_lut5_I1_O)        0.326     2.780 r  jumpcontrol/color2_carry_i_14/O
                         net (fo=12, routed)          1.186     3.965    jumpcontrol/q_1_1
    SLICE_X0Y38          LUT4 (Prop_lut4_I1_O)        0.124     4.089 r  jumpcontrol/color2_carry_i_11/O
                         net (fo=2, routed)           0.711     4.800    jumpcontrol/color2_carry_i_11_n_0
    SLICE_X1Y38          LUT5 (Prop_lut5_I0_O)        0.124     4.924 r  jumpcontrol/color2_carry_i_5/O
                         net (fo=1, routed)           0.000     4.924    froggy/color2_carry__0_1[3]
    SLICE_X1Y38          CARRY4 (Prop_carry4_S[3]_CO[3])
                                                      0.401     5.325 r  froggy/color2_carry/CO[3]
                         net (fo=1, routed)           0.000     5.325    froggy/color2_carry_n_0
    SLICE_X1Y39          CARRY4 (Prop_carry4_CI_CO[0])
                                                      0.271     5.596 f  froggy/color2_carry__0/CO[0]
                         net (fo=1, routed)           0.418     6.014    froggy/color2_carry__0_n_3
    SLICE_X2Y39          LUT5 (Prop_lut5_I1_O)        0.373     6.387 f  froggy/vgaRed_OBUF[3]_inst_i_1/O
                         net (fo=24, routed)          0.656     7.043    jumpcontrol/counter/count0/vgaRed_OBUF[0]
    SLICE_X1Y43          LUT6 (Prop_lut6_I5_O)        0.124     7.167 r  jumpcontrol/counter/count0/q_7_i_1/O
                         net (fo=2, routed)           0.591     7.757    jumpcontrol/CE0
    SLICE_X1Y43          FDRE                                         r  jumpcontrol/q_7/CE
  -------------------------------------------------------------------    -------------------

                         (clock clk_out1_clk_wiz_0 rise edge)
                                                     40.000    40.000 r  
    W5                                                0.000    40.000 r  clkin (IN)
                         net (fo=0)                   0.000    40.000    not_so_slow/my_clk_inst/clkin
    W5                   IBUF (Prop_ibuf_I_O)         1.388    41.388 r  not_so_slow/my_clk_inst/clkin1_ibufg/O
                         net (fo=1, routed)           1.162    42.550    not_so_slow/my_clk_inst/clk_in1_clk_wiz_0
    MMCME2_ADV_X1Y0      MMCME2_ADV (Prop_mmcme2_adv_CLKIN1_CLKOUT0)
                                                     -7.217    35.332 r  not_so_slow/my_clk_inst/mmcm_adv_inst/CLKOUT0
                         net (fo=1, routed)           1.581    36.914    not_so_slow/slowclk/fastclk
    BUFGCTRL_X0Y0        BUFG (Prop_bufg_I_O)         0.091    37.005 r  not_so_slow/slowclk/XLXI_401/O
                         net (fo=168, routed)         1.519    38.524    jumpcontrol/clk_out
    SLICE_X1Y43          FDRE                                         r  jumpcontrol/q_7/C
                         clock pessimism              0.578    39.101    
                         clock uncertainty           -0.094    39.007    
    SLICE_X1Y43          FDRE (Setup_fdre_C_CE)      -0.205    38.802    jumpcontrol/q_7
  -------------------------------------------------------------------
                         required time                         38.802    
                         arrival time                          -7.757    
  -------------------------------------------------------------------
                         slack                                 31.045    





Min Delay Paths
--------------------------------------------------------------------------------------
Slack (MET) :             0.181ns  (arrival time - required time)
  Source:                 plantcount1/q_3/C
                            (rising edge-triggered cell FDRE clocked by clk_out1_clk_wiz_0  {rise@0.000ns fall@20.000ns period=40.000ns})
  Destination:            plantcount1/i1/D
                            (rising edge-triggered cell FDRE clocked by clk_out1_clk_wiz_0  {rise@0.000ns fall@20.000ns period=40.000ns})
  Path Group:             clk_out1_clk_wiz_0
  Path Type:              Hold (Min at Fast Process Corner)
  Requirement:            0.000ns  (clk_out1_clk_wiz_0 rise@0.000ns - clk_out1_clk_wiz_0 rise@0.000ns)
  Data Path Delay:        0.337ns  (logic 0.186ns (55.207%)  route 0.151ns (44.793%))
  Logic Levels:           1  (LUT6=1)
  Clock Path Skew:        0.036ns (DCD - SCD - CPR)
    Destination Clock Delay (DCD):    -0.854ns
    Source Clock Delay      (SCD):    -0.615ns
    Clock Pessimism Removal (CPR):    -0.274ns

    Location             Delay type                Incr(ns)  Path(ns)    Netlist Resource(s)
  -------------------------------------------------------------------    -------------------
                         (clock clk_out1_clk_wiz_0 rise edge)
                                                      0.000     0.000 r  
    W5                                                0.000     0.000 r  clkin (IN)
                         net (fo=0)                   0.000     0.000    not_so_slow/my_clk_inst/clkin
    W5                   IBUF (Prop_ibuf_I_O)         0.226     0.226 r  not_so_slow/my_clk_inst/clkin1_ibufg/O
                         net (fo=1, routed)           0.440     0.667    not_so_slow/my_clk_inst/clk_in1_clk_wiz_0
    MMCME2_ADV_X1Y0      MMCME2_ADV (Prop_mmcme2_adv_CLKIN1_CLKOUT0)
                                                     -2.360    -1.693 r  not_so_slow/my_clk_inst/mmcm_adv_inst/CLKOUT0
                         net (fo=1, routed)           0.486    -1.207    not_so_slow/slowclk/fastclk
    BUFGCTRL_X0Y0        BUFG (Prop_bufg_I_O)         0.026    -1.181 r  not_so_slow/slowclk/XLXI_401/O
                         net (fo=168, routed)         0.566    -0.615    plantcount1/clk
    SLICE_X11Y45         FDRE                                         r  plantcount1/q_3/C
  -------------------------------------------------------------------    -------------------
    SLICE_X11Y45         FDRE (Prop_fdre_C_Q)         0.141    -0.474 r  plantcount1/q_3/Q
                         net (fo=7, routed)           0.151    -0.323    plantcount1/q_3_n_0
    SLICE_X8Y45          LUT6 (Prop_lut6_I1_O)        0.045    -0.278 r  plantcount1/i1_i_1__0/O
                         net (fo=1, routed)           0.000    -0.278    plantcount1/nextx[1]
    SLICE_X8Y45          FDRE                                         r  plantcount1/i1/D
  -------------------------------------------------------------------    -------------------

                         (clock clk_out1_clk_wiz_0 rise edge)
                                                      0.000     0.000 r  
    W5                                                0.000     0.000 r  clkin (IN)
                         net (fo=0)                   0.000     0.000    not_so_slow/my_clk_inst/clkin
    W5                   IBUF (Prop_ibuf_I_O)         0.414     0.414 r  not_so_slow/my_clk_inst/clkin1_ibufg/O
                         net (fo=1, routed)           0.480     0.894    not_so_slow/my_clk_inst/clk_in1_clk_wiz_0
    MMCME2_ADV_X1Y0      MMCME2_ADV (Prop_mmcme2_adv_CLKIN1_CLKOUT0)
                                                     -3.142    -2.248 r  not_so_slow/my_clk_inst/mmcm_adv_inst/CLKOUT0
                         net (fo=1, routed)           0.530    -1.718    not_so_slow/slowclk/fastclk
    BUFGCTRL_X0Y0        BUFG (Prop_bufg_I_O)         0.029    -1.689 r  not_so_slow/slowclk/XLXI_401/O
                         net (fo=168, routed)         0.836    -0.854    plantcount1/clk
    SLICE_X8Y45          FDRE                                         r  plantcount1/i1/C
                         clock pessimism              0.274    -0.579    
    SLICE_X8Y45          FDRE (Hold_fdre_C_D)         0.120    -0.459    plantcount1/i1
  -------------------------------------------------------------------
                         required time                          0.459    
                         arrival time                          -0.278    
  -------------------------------------------------------------------
                         slack                                  0.181    

Slack (MET) :             0.184ns  (arrival time - required time)
  Source:                 not_so_slow/slowclk/XLXI_38/I_Q0/I_36_35/C
                            (rising edge-triggered cell FDCE clocked by clk_out1_clk_wiz_0  {rise@0.000ns fall@20.000ns period=40.000ns})
  Destination:            not_so_slow/slowclk/XLXI_38/I_Q1/I_36_35/D
                            (rising edge-triggered cell FDCE clocked by clk_out1_clk_wiz_0  {rise@0.000ns fall@20.000ns period=40.000ns})
  Path Group:             clk_out1_clk_wiz_0
  Path Type:              Hold (Min at Fast Process Corner)
  Requirement:            0.000ns  (clk_out1_clk_wiz_0 rise@0.000ns - clk_out1_clk_wiz_0 rise@0.000ns)
  Data Path Delay:        0.317ns  (logic 0.186ns (58.617%)  route 0.131ns (41.383%))
  Logic Levels:           1  (LUT2=1)
  Clock Path Skew:        0.013ns (DCD - SCD - CPR)
    Destination Clock Delay (DCD):    -0.853ns
    Source Clock Delay      (SCD):    -0.614ns
    Clock Pessimism Removal (CPR):    -0.251ns

    Location             Delay type                Incr(ns)  Path(ns)    Netlist Resource(s)
  -------------------------------------------------------------------    -------------------
                         (clock clk_out1_clk_wiz_0 rise edge)
                                                      0.000     0.000 r  
    W5                                                0.000     0.000 r  clkin (IN)
                         net (fo=0)                   0.000     0.000    not_so_slow/my_clk_inst/clkin
    W5                   IBUF (Prop_ibuf_I_O)         0.226     0.226 r  not_so_slow/my_clk_inst/clkin1_ibufg/O
                         net (fo=1, routed)           0.440     0.667    not_so_slow/my_clk_inst/clk_in1_clk_wiz_0
    MMCME2_ADV_X1Y0      MMCME2_ADV (Prop_mmcme2_adv_CLKIN1_CLKOUT0)
                                                     -2.360    -1.693 r  not_so_slow/my_clk_inst/mmcm_adv_inst/CLKOUT0
                         net (fo=1, routed)           0.486    -1.207    not_so_slow/slowclk/fastclk
    BUFGCTRL_X0Y0        BUFG (Prop_bufg_I_O)         0.026    -1.181 r  not_so_slow/slowclk/XLXI_401/O
                         net (fo=168, routed)         0.567    -0.614    not_so_slow/slowclk/XLXI_38/I_Q0/clk_out
    SLICE_X13Y47         FDCE                                         r  not_so_slow/slowclk/XLXI_38/I_Q0/I_36_35/C
  -------------------------------------------------------------------    -------------------
    SLICE_X13Y47         FDCE (Prop_fdce_C_Q)         0.141    -0.473 r  not_so_slow/slowclk/XLXI_38/I_Q0/I_36_35/Q
                         net (fo=5, routed)           0.131    -0.342    not_so_slow/slowclk/XLXI_38/I_Q1/Q0
    SLICE_X12Y47         LUT2 (Prop_lut2_I0_O)        0.045    -0.297 r  not_so_slow/slowclk/XLXI_38/I_Q1/I_36_32/O
                         net (fo=1, routed)           0.000    -0.297    not_so_slow/slowclk/XLXI_38/I_Q1/TQ
    SLICE_X12Y47         FDCE                                         r  not_so_slow/slowclk/XLXI_38/I_Q1/I_36_35/D
  -------------------------------------------------------------------    -------------------

                         (clock clk_out1_clk_wiz_0 rise edge)
                                                      0.000     0.000 r  
    W5                                                0.000     0.000 r  clkin (IN)
                         net (fo=0)                   0.000     0.000    not_so_slow/my_clk_inst/clkin
    W5                   IBUF (Prop_ibuf_I_O)         0.414     0.414 r  not_so_slow/my_clk_inst/clkin1_ibufg/O
                         net (fo=1, routed)           0.480     0.894    not_so_slow/my_clk_inst/clk_in1_clk_wiz_0
    MMCME2_ADV_X1Y0      MMCME2_ADV (Prop_mmcme2_adv_CLKIN1_CLKOUT0)
                                                     -3.142    -2.248 r  not_so_slow/my_clk_inst/mmcm_adv_inst/CLKOUT0
                         net (fo=1, routed)           0.530    -1.718    not_so_slow/slowclk/fastclk
    BUFGCTRL_X0Y0        BUFG (Prop_bufg_I_O)         0.029    -1.689 r  not_so_slow/slowclk/XLXI_401/O
                         net (fo=168, routed)         0.837    -0.853    not_so_slow/slowclk/XLXI_38/I_Q1/clk_out
    SLICE_X12Y47         FDCE                                         r  not_so_slow/slowclk/XLXI_38/I_Q1/I_36_35/C
                         clock pessimism              0.251    -0.601    
    SLICE_X12Y47         FDCE (Hold_fdce_C_D)         0.120    -0.481    not_so_slow/slowclk/XLXI_38/I_Q1/I_36_35
  -------------------------------------------------------------------
                         required time                          0.481    
                         arrival time                          -0.297    
  -------------------------------------------------------------------
                         slack                                  0.184    

Slack (MET) :             0.184ns  (arrival time - required time)
  Source:                 not_so_slow/slowclk/XLXI_45/I_Q0/I_36_35/C
                            (rising edge-triggered cell FDCE clocked by clk_out1_clk_wiz_0  {rise@0.000ns fall@20.000ns period=40.000ns})
  Destination:            not_so_slow/slowclk/XLXI_45/I_Q1/I_36_35/D
                            (rising edge-triggered cell FDCE clocked by clk_out1_clk_wiz_0  {rise@0.000ns fall@20.000ns period=40.000ns})
  Path Group:             clk_out1_clk_wiz_0
  Path Type:              Hold (Min at Fast Process Corner)
  Requirement:            0.000ns  (clk_out1_clk_wiz_0 rise@0.000ns - clk_out1_clk_wiz_0 rise@0.000ns)
  Data Path Delay:        0.317ns  (logic 0.186ns (58.617%)  route 0.131ns (41.383%))
  Logic Levels:           1  (LUT2=1)
  Clock Path Skew:        0.013ns (DCD - SCD - CPR)
    Destination Clock Delay (DCD):    -0.827ns
    Source Clock Delay      (SCD):    -0.589ns
    Clock Pessimism Removal (CPR):    -0.251ns

    Location             Delay type                Incr(ns)  Path(ns)    Netlist Resource(s)
  -------------------------------------------------------------------    -------------------
                         (clock clk_out1_clk_wiz_0 rise edge)
                                                      0.000     0.000 r  
    W5                                                0.000     0.000 r  clkin (IN)
                         net (fo=0)                   0.000     0.000    not_so_slow/my_clk_inst/clkin
    W5                   IBUF (Prop_ibuf_I_O)         0.226     0.226 r  not_so_slow/my_clk_inst/clkin1_ibufg/O
                         net (fo=1, routed)           0.440     0.667    not_so_slow/my_clk_inst/clk_in1_clk_wiz_0
    MMCME2_ADV_X1Y0      MMCME2_ADV (Prop_mmcme2_adv_CLKIN1_CLKOUT0)
                                                     -2.360    -1.693 r  not_so_slow/my_clk_inst/mmcm_adv_inst/CLKOUT0
                         net (fo=1, routed)           0.486    -1.207    not_so_slow/slowclk/fastclk
    BUFGCTRL_X0Y0        BUFG (Prop_bufg_I_O)         0.026    -1.181 r  not_so_slow/slowclk/XLXI_401/O
                         net (fo=168, routed)         0.592    -0.589    not_so_slow/slowclk/XLXI_45/I_Q0/clk_out
    SLICE_X7Y50          FDCE                                         r  not_so_slow/slowclk/XLXI_45/I_Q0/I_36_35/C
  -------------------------------------------------------------------    -------------------
    SLICE_X7Y50          FDCE (Prop_fdce_C_Q)         0.141    -0.448 r  not_so_slow/slowclk/XLXI_45/I_Q0/I_36_35/Q
                         net (fo=5, routed)           0.131    -0.317    not_so_slow/slowclk/XLXI_45/I_Q1/Q0
    SLICE_X6Y50          LUT2 (Prop_lut2_I0_O)        0.045    -0.272 r  not_so_slow/slowclk/XLXI_45/I_Q1/I_36_32/O
                         net (fo=1, routed)           0.000    -0.272    not_so_slow/slowclk/XLXI_45/I_Q1/TQ
    SLICE_X6Y50          FDCE                                         r  not_so_slow/slowclk/XLXI_45/I_Q1/I_36_35/D
  -------------------------------------------------------------------    -------------------

                         (clock clk_out1_clk_wiz_0 rise edge)
                                                      0.000     0.000 r  
    W5                                                0.000     0.000 r  clkin (IN)
                         net (fo=0)                   0.000     0.000    not_so_slow/my_clk_inst/clkin
    W5                   IBUF (Prop_ibuf_I_O)         0.414     0.414 r  not_so_slow/my_clk_inst/clkin1_ibufg/O
                         net (fo=1, routed)           0.480     0.894    not_so_slow/my_clk_inst/clk_in1_clk_wiz_0
    MMCME2_ADV_X1Y0      MMCME2_ADV (Prop_mmcme2_adv_CLKIN1_CLKOUT0)
                                                     -3.142    -2.248 r  not_so_slow/my_clk_inst/mmcm_adv_inst/CLKOUT0
                         net (fo=1, routed)           0.530    -1.718    not_so_slow/slowclk/fastclk
    BUFGCTRL_X0Y0        BUFG (Prop_bufg_I_O)         0.029    -1.689 r  not_so_slow/slowclk/XLXI_401/O
                         net (fo=168, routed)         0.863    -0.827    not_so_slow/slowclk/XLXI_45/I_Q1/clk_out
    SLICE_X6Y50          FDCE                                         r  not_so_slow/slowclk/XLXI_45/I_Q1/I_36_35/C
                         clock pessimism              0.251    -0.576    
    SLICE_X6Y50          FDCE (Hold_fdce_C_D)         0.120    -0.456    not_so_slow/slowclk/XLXI_45/I_Q1/I_36_35
  -------------------------------------------------------------------
                         required time                          0.456    
                         arrival time                          -0.272    
  -------------------------------------------------------------------
                         slack                                  0.184    

Slack (MET) :             0.198ns  (arrival time - required time)
  Source:                 plantcount1/q_0/C
                            (rising edge-triggered cell FDRE clocked by clk_out1_clk_wiz_0  {rise@0.000ns fall@20.000ns period=40.000ns})
  Destination:            plantcount1/i3/D
                            (rising edge-triggered cell FDRE clocked by clk_out1_clk_wiz_0  {rise@0.000ns fall@20.000ns period=40.000ns})
  Path Group:             clk_out1_clk_wiz_0
  Path Type:              Hold (Min at Fast Process Corner)
  Requirement:            0.000ns  (clk_out1_clk_wiz_0 rise@0.000ns - clk_out1_clk_wiz_0 rise@0.000ns)
  Data Path Delay:        0.334ns  (logic 0.186ns (55.764%)  route 0.148ns (44.236%))
  Logic Levels:           1  (LUT6=1)
  Clock Path Skew:        0.016ns (DCD - SCD - CPR)
    Destination Clock Delay (DCD):    -0.854ns
    Source Clock Delay      (SCD):    -0.615ns
    Clock Pessimism Removal (CPR):    -0.254ns

    Location             Delay type                Incr(ns)  Path(ns)    Netlist Resource(s)
  -------------------------------------------------------------------    -------------------
                         (clock clk_out1_clk_wiz_0 rise edge)
                                                      0.000     0.000 r  
    W5                                                0.000     0.000 r  clkin (IN)
                         net (fo=0)                   0.000     0.000    not_so_slow/my_clk_inst/clkin
    W5                   IBUF (Prop_ibuf_I_O)         0.226     0.226 r  not_so_slow/my_clk_inst/clkin1_ibufg/O
                         net (fo=1, routed)           0.440     0.667    not_so_slow/my_clk_inst/clk_in1_clk_wiz_0
    MMCME2_ADV_X1Y0      MMCME2_ADV (Prop_mmcme2_adv_CLKIN1_CLKOUT0)
                                                     -2.360    -1.693 r  not_so_slow/my_clk_inst/mmcm_adv_inst/CLKOUT0
                         net (fo=1, routed)           0.486    -1.207    not_so_slow/slowclk/fastclk
    BUFGCTRL_X0Y0        BUFG (Prop_bufg_I_O)         0.026    -1.181 r  not_so_slow/slowclk/XLXI_401/O
                         net (fo=168, routed)         0.566    -0.615    plantcount1/clk
    SLICE_X11Y45         FDRE                                         r  plantcount1/q_0/C
  -------------------------------------------------------------------    -------------------
    SLICE_X11Y45         FDRE (Prop_fdre_C_Q)         0.141    -0.474 r  plantcount1/q_0/Q
                         net (fo=12, routed)          0.148    -0.327    plantcount1/q_0_n_0
    SLICE_X10Y44         LUT6 (Prop_lut6_I4_O)        0.045    -0.282 r  plantcount1/i3_i_1__0/O
                         net (fo=1, routed)           0.000    -0.282    plantcount1/nextx[3]
    SLICE_X10Y44         FDRE                                         r  plantcount1/i3/D
  -------------------------------------------------------------------    -------------------

                         (clock clk_out1_clk_wiz_0 rise edge)
                                                      0.000     0.000 r  
    W5                                                0.000     0.000 r  clkin (IN)
                         net (fo=0)                   0.000     0.000    not_so_slow/my_clk_inst/clkin
    W5                   IBUF (Prop_ibuf_I_O)         0.414     0.414 r  not_so_slow/my_clk_inst/clkin1_ibufg/O
                         net (fo=1, routed)           0.480     0.894    not_so_slow/my_clk_inst/clk_in1_clk_wiz_0
    MMCME2_ADV_X1Y0      MMCME2_ADV (Prop_mmcme2_adv_CLKIN1_CLKOUT0)
                                                     -3.142    -2.248 r  not_so_slow/my_clk_inst/mmcm_adv_inst/CLKOUT0
                         net (fo=1, routed)           0.530    -1.718    not_so_slow/slowclk/fastclk
    BUFGCTRL_X0Y0        BUFG (Prop_bufg_I_O)         0.029    -1.689 r  not_so_slow/slowclk/XLXI_401/O
                         net (fo=168, routed)         0.836    -0.854    plantcount1/clk
    SLICE_X10Y44         FDRE                                         r  plantcount1/i3/C
                         clock pessimism              0.254    -0.599    
    SLICE_X10Y44         FDRE (Hold_fdre_C_D)         0.120    -0.479    plantcount1/i3
  -------------------------------------------------------------------
                         required time                          0.479    
                         arrival time                          -0.282    
  -------------------------------------------------------------------
                         slack                                  0.198    

Slack (MET) :             0.199ns  (arrival time - required time)
  Source:                 score/full0/q_0/C
                            (rising edge-triggered cell FDRE clocked by clk_out1_clk_wiz_0  {rise@0.000ns fall@20.000ns period=40.000ns})
  Destination:            score/full1/q_0/D
                            (rising edge-triggered cell FDRE clocked by clk_out1_clk_wiz_0  {rise@0.000ns fall@20.000ns period=40.000ns})
  Path Group:             clk_out1_clk_wiz_0
  Path Type:              Hold (Min at Fast Process Corner)
  Requirement:            0.000ns  (clk_out1_clk_wiz_0 rise@0.000ns - clk_out1_clk_wiz_0 rise@0.000ns)
  Data Path Delay:        0.333ns  (logic 0.186ns (55.919%)  route 0.147ns (44.081%))
  Logic Levels:           1  (LUT6=1)
  Clock Path Skew:        0.013ns (DCD - SCD - CPR)
    Destination Clock Delay (DCD):    -0.823ns
    Source Clock Delay      (SCD):    -0.585ns
    Clock Pessimism Removal (CPR):    -0.250ns

    Location             Delay type                Incr(ns)  Path(ns)    Netlist Resource(s)
  -------------------------------------------------------------------    -------------------
                         (clock clk_out1_clk_wiz_0 rise edge)
                                                      0.000     0.000 r  
    W5                                                0.000     0.000 r  clkin (IN)
                         net (fo=0)                   0.000     0.000    not_so_slow/my_clk_inst/clkin
    W5                   IBUF (Prop_ibuf_I_O)         0.226     0.226 r  not_so_slow/my_clk_inst/clkin1_ibufg/O
                         net (fo=1, routed)           0.440     0.667    not_so_slow/my_clk_inst/clk_in1_clk_wiz_0
    MMCME2_ADV_X1Y0      MMCME2_ADV (Prop_mmcme2_adv_CLKIN1_CLKOUT0)
                                                     -2.360    -1.693 r  not_so_slow/my_clk_inst/mmcm_adv_inst/CLKOUT0
                         net (fo=1, routed)           0.486    -1.207    not_so_slow/slowclk/fastclk
    BUFGCTRL_X0Y0        BUFG (Prop_bufg_I_O)         0.026    -1.181 r  not_so_slow/slowclk/XLXI_401/O
                         net (fo=168, routed)         0.596    -0.585    score/full0/clk
    SLICE_X3Y47          FDRE                                         r  score/full0/q_0/C
  -------------------------------------------------------------------    -------------------
    SLICE_X3Y47          FDRE (Prop_fdre_C_Q)         0.141    -0.444 r  score/full0/q_0/Q
                         net (fo=9, routed)           0.147    -0.298    score/full0/q_0_0
    SLICE_X2Y47          LUT6 (Prop_lut6_I2_O)        0.045    -0.253 r  score/full0/q_0_i_1__5/O
                         net (fo=1, routed)           0.000    -0.253    score/full1/inD_0_1
    SLICE_X2Y47          FDRE                                         r  score/full1/q_0/D
  -------------------------------------------------------------------    -------------------

                         (clock clk_out1_clk_wiz_0 rise edge)
                                                      0.000     0.000 r  
    W5                                                0.000     0.000 r  clkin (IN)
                         net (fo=0)                   0.000     0.000    not_so_slow/my_clk_inst/clkin
    W5                   IBUF (Prop_ibuf_I_O)         0.414     0.414 r  not_so_slow/my_clk_inst/clkin1_ibufg/O
                         net (fo=1, routed)           0.480     0.894    not_so_slow/my_clk_inst/clk_in1_clk_wiz_0
    MMCME2_ADV_X1Y0      MMCME2_ADV (Prop_mmcme2_adv_CLKIN1_CLKOUT0)
                                                     -3.142    -2.248 r  not_so_slow/my_clk_inst/mmcm_adv_inst/CLKOUT0
                         net (fo=1, routed)           0.530    -1.718    not_so_slow/slowclk/fastclk
    BUFGCTRL_X0Y0        BUFG (Prop_bufg_I_O)         0.029    -1.689 r  not_so_slow/slowclk/XLXI_401/O
                         net (fo=168, routed)         0.867    -0.823    score/full1/clk
    SLICE_X2Y47          FDRE                                         r  score/full1/q_0/C
                         clock pessimism              0.250    -0.572    
    SLICE_X2Y47          FDRE (Hold_fdre_C_D)         0.121    -0.451    score/full1/q_0
  -------------------------------------------------------------------
                         required time                          0.451    
                         arrival time                          -0.253    
  -------------------------------------------------------------------
                         slack                                  0.199    

Slack (MET) :             0.201ns  (arrival time - required time)
  Source:                 yrandom/random/q_6/C
                            (rising edge-triggered cell FDRE clocked by clk_out1_clk_wiz_0  {rise@0.000ns fall@20.000ns period=40.000ns})
  Destination:            yrandom/random/q_0/D
                            (rising edge-triggered cell FDRE clocked by clk_out1_clk_wiz_0  {rise@0.000ns fall@20.000ns period=40.000ns})
  Path Group:             clk_out1_clk_wiz_0
  Path Type:              Hold (Min at Fast Process Corner)
  Requirement:            0.000ns  (clk_out1_clk_wiz_0 rise@0.000ns - clk_out1_clk_wiz_0 rise@0.000ns)
  Data Path Delay:        0.321ns  (logic 0.246ns (76.655%)  route 0.075ns (23.345%))
  Logic Levels:           1  (LUT4=1)
  Clock Path Skew:        0.000ns (DCD - SCD - CPR)
    Destination Clock Delay (DCD):    -0.832ns
    Source Clock Delay      (SCD):    -0.592ns
    Clock Pessimism Removal (CPR):    -0.239ns

    Location             Delay type                Incr(ns)  Path(ns)    Netlist Resource(s)
  -------------------------------------------------------------------    -------------------
                         (clock clk_out1_clk_wiz_0 rise edge)
                                                      0.000     0.000 r  
    W5                                                0.000     0.000 r  clkin (IN)
                         net (fo=0)                   0.000     0.000    not_so_slow/my_clk_inst/clkin
    W5                   IBUF (Prop_ibuf_I_O)         0.226     0.226 r  not_so_slow/my_clk_inst/clkin1_ibufg/O
                         net (fo=1, routed)           0.440     0.667    not_so_slow/my_clk_inst/clk_in1_clk_wiz_0
    MMCME2_ADV_X1Y0      MMCME2_ADV (Prop_mmcme2_adv_CLKIN1_CLKOUT0)
                                                     -2.360    -1.693 r  not_so_slow/my_clk_inst/mmcm_adv_inst/CLKOUT0
                         net (fo=1, routed)           0.486    -1.207    not_so_slow/slowclk/fastclk
    BUFGCTRL_X0Y0        BUFG (Prop_bufg_I_O)         0.026    -1.181 r  not_so_slow/slowclk/XLXI_401/O
                         net (fo=168, routed)         0.589    -0.592    yrandom/random/clk
    SLICE_X6Y34          FDRE                                         r  yrandom/random/q_6/C
  -------------------------------------------------------------------    -------------------
    SLICE_X6Y34          FDRE (Prop_fdre_C_Q)         0.148    -0.444 r  yrandom/random/q_6/Q
                         net (fo=2, routed)           0.075    -0.369    yrandom/random/q_6_n_0
    SLICE_X6Y34          LUT4 (Prop_lut4_I3_O)        0.098    -0.271 r  yrandom/random/q_0_i_1__22/O
                         net (fo=1, routed)           0.000    -0.271    yrandom/random/in
    SLICE_X6Y34          FDRE                                         r  yrandom/random/q_0/D
  -------------------------------------------------------------------    -------------------

                         (clock clk_out1_clk_wiz_0 rise edge)
                                                      0.000     0.000 r  
    W5                                                0.000     0.000 r  clkin (IN)
                         net (fo=0)                   0.000     0.000    not_so_slow/my_clk_inst/clkin
    W5                   IBUF (Prop_ibuf_I_O)         0.414     0.414 r  not_so_slow/my_clk_inst/clkin1_ibufg/O
                         net (fo=1, routed)           0.480     0.894    not_so_slow/my_clk_inst/clk_in1_clk_wiz_0
    MMCME2_ADV_X1Y0      MMCME2_ADV (Prop_mmcme2_adv_CLKIN1_CLKOUT0)
                                                     -3.142    -2.248 r  not_so_slow/my_clk_inst/mmcm_adv_inst/CLKOUT0
                         net (fo=1, routed)           0.530    -1.718    not_so_slow/slowclk/fastclk
    BUFGCTRL_X0Y0        BUFG (Prop_bufg_I_O)         0.029    -1.689 r  not_so_slow/slowclk/XLXI_401/O
                         net (fo=168, routed)         0.858    -0.832    yrandom/random/clk
    SLICE_X6Y34          FDRE                                         r  yrandom/random/q_0/C
                         clock pessimism              0.239    -0.592    
    SLICE_X6Y34          FDRE (Hold_fdre_C_D)         0.120    -0.472    yrandom/random/q_0
  -------------------------------------------------------------------
                         required time                          0.472    
                         arrival time                          -0.271    
  -------------------------------------------------------------------
                         slack                                  0.201    

Slack (MET) :             0.202ns  (arrival time - required time)
  Source:                 plantcount0/i1/C
                            (rising edge-triggered cell FDRE clocked by clk_out1_clk_wiz_0  {rise@0.000ns fall@20.000ns period=40.000ns})
  Destination:            plantcount0/i2/D
                            (rising edge-triggered cell FDRE clocked by clk_out1_clk_wiz_0  {rise@0.000ns fall@20.000ns period=40.000ns})
  Path Group:             clk_out1_clk_wiz_0
  Path Type:              Hold (Min at Fast Process Corner)
  Requirement:            0.000ns  (clk_out1_clk_wiz_0 rise@0.000ns - clk_out1_clk_wiz_0 rise@0.000ns)
  Data Path Delay:        0.336ns  (logic 0.186ns (55.394%)  route 0.150ns (44.606%))
  Logic Levels:           1  (LUT6=1)
  Clock Path Skew:        0.013ns (DCD - SCD - CPR)
    Destination Clock Delay (DCD):    -0.855ns
    Source Clock Delay      (SCD):    -0.616ns
    Clock Pessimism Removal (CPR):    -0.251ns

    Location             Delay type                Incr(ns)  Path(ns)    Netlist Resource(s)
  -------------------------------------------------------------------    -------------------
                         (clock clk_out1_clk_wiz_0 rise edge)
                                                      0.000     0.000 r  
    W5                                                0.000     0.000 r  clkin (IN)
                         net (fo=0)                   0.000     0.000    not_so_slow/my_clk_inst/clkin
    W5                   IBUF (Prop_ibuf_I_O)         0.226     0.226 r  not_so_slow/my_clk_inst/clkin1_ibufg/O
                         net (fo=1, routed)           0.440     0.667    not_so_slow/my_clk_inst/clk_in1_clk_wiz_0
    MMCME2_ADV_X1Y0      MMCME2_ADV (Prop_mmcme2_adv_CLKIN1_CLKOUT0)
                                                     -2.360    -1.693 r  not_so_slow/my_clk_inst/mmcm_adv_inst/CLKOUT0
                         net (fo=1, routed)           0.486    -1.207    not_so_slow/slowclk/fastclk
    BUFGCTRL_X0Y0        BUFG (Prop_bufg_I_O)         0.026    -1.181 r  not_so_slow/slowclk/XLXI_401/O
                         net (fo=168, routed)         0.565    -0.616    plantcount0/clk
    SLICE_X13Y41         FDRE                                         r  plantcount0/i1/C
  -------------------------------------------------------------------    -------------------
    SLICE_X13Y41         FDRE (Prop_fdre_C_Q)         0.141    -0.475 r  plantcount0/i1/Q
                         net (fo=21, routed)          0.150    -0.326    plantcount0/startxplant0[1]
    SLICE_X12Y41         LUT6 (Prop_lut6_I3_O)        0.045    -0.281 r  plantcount0/i2_i_1/O
                         net (fo=1, routed)           0.000    -0.281    plantcount0/nextx[2]
    SLICE_X12Y41         FDRE                                         r  plantcount0/i2/D
  -------------------------------------------------------------------    -------------------

                         (clock clk_out1_clk_wiz_0 rise edge)
                                                      0.000     0.000 r  
    W5                                                0.000     0.000 r  clkin (IN)
                         net (fo=0)                   0.000     0.000    not_so_slow/my_clk_inst/clkin
    W5                   IBUF (Prop_ibuf_I_O)         0.414     0.414 r  not_so_slow/my_clk_inst/clkin1_ibufg/O
                         net (fo=1, routed)           0.480     0.894    not_so_slow/my_clk_inst/clk_in1_clk_wiz_0
    MMCME2_ADV_X1Y0      MMCME2_ADV (Prop_mmcme2_adv_CLKIN1_CLKOUT0)
                                                     -3.142    -2.248 r  not_so_slow/my_clk_inst/mmcm_adv_inst/CLKOUT0
                         net (fo=1, routed)           0.530    -1.718    not_so_slow/slowclk/fastclk
    BUFGCTRL_X0Y0        BUFG (Prop_bufg_I_O)         0.029    -1.689 r  not_so_slow/slowclk/XLXI_401/O
                         net (fo=168, routed)         0.835    -0.855    plantcount0/clk
    SLICE_X12Y41         FDRE                                         r  plantcount0/i2/C
                         clock pessimism              0.251    -0.603    
    SLICE_X12Y41         FDRE (Hold_fdre_C_D)         0.121    -0.482    plantcount0/i2
  -------------------------------------------------------------------
                         required time                          0.482    
                         arrival time                          -0.281    
  -------------------------------------------------------------------
                         slack                                  0.202    

Slack (MET) :             0.212ns  (arrival time - required time)
  Source:                 clock/count0/q_2/C
                            (rising edge-triggered cell FDRE clocked by clk_out1_clk_wiz_0  {rise@0.000ns fall@20.000ns period=40.000ns})
  Destination:            timecount/quarter/q_0/D
                            (rising edge-triggered cell FDRE clocked by clk_out1_clk_wiz_0  {rise@0.000ns fall@20.000ns period=40.000ns})
  Path Group:             clk_out1_clk_wiz_0
  Path Type:              Hold (Min at Fast Process Corner)
  Requirement:            0.000ns  (clk_out1_clk_wiz_0 rise@0.000ns - clk_out1_clk_wiz_0 rise@0.000ns)
  Data Path Delay:        0.361ns  (logic 0.189ns (52.318%)  route 0.172ns (47.682%))
  Logic Levels:           1  (LUT5=1)
  Clock Path Skew:        0.016ns (DCD - SCD - CPR)
    Destination Clock Delay (DCD):    -0.824ns
    Source Clock Delay      (SCD):    -0.586ns
    Clock Pessimism Removal (CPR):    -0.253ns

    Location             Delay type                Incr(ns)  Path(ns)    Netlist Resource(s)
  -------------------------------------------------------------------    -------------------
                         (clock clk_out1_clk_wiz_0 rise edge)
                                                      0.000     0.000 r  
    W5                                                0.000     0.000 r  clkin (IN)
                         net (fo=0)                   0.000     0.000    not_so_slow/my_clk_inst/clkin
    W5                   IBUF (Prop_ibuf_I_O)         0.226     0.226 r  not_so_slow/my_clk_inst/clkin1_ibufg/O
                         net (fo=1, routed)           0.440     0.667    not_so_slow/my_clk_inst/clk_in1_clk_wiz_0
    MMCME2_ADV_X1Y0      MMCME2_ADV (Prop_mmcme2_adv_CLKIN1_CLKOUT0)
                                                     -2.360    -1.693 r  not_so_slow/my_clk_inst/mmcm_adv_inst/CLKOUT0
                         net (fo=1, routed)           0.486    -1.207    not_so_slow/slowclk/fastclk
    BUFGCTRL_X0Y0        BUFG (Prop_bufg_I_O)         0.026    -1.181 r  not_so_slow/slowclk/XLXI_401/O
                         net (fo=168, routed)         0.595    -0.586    clock/count0/clk_out
    SLICE_X1Y46          FDRE                                         r  clock/count0/q_2/C
  -------------------------------------------------------------------    -------------------
    SLICE_X1Y46          FDRE (Prop_fdre_C_Q)         0.141    -0.445 r  clock/count0/q_2/Q
                         net (fo=8, routed)           0.172    -0.273    clock/count0/q_2_n_0
    SLICE_X2Y46          LUT5 (Prop_lut5_I3_O)        0.048    -0.225 r  clock/count0/q_0_i_1__14/O
                         net (fo=1, routed)           0.000    -0.225    timecount/quarter/inD_0_1
    SLICE_X2Y46          FDRE                                         r  timecount/quarter/q_0/D
  -------------------------------------------------------------------    -------------------

                         (clock clk_out1_clk_wiz_0 rise edge)
                                                      0.000     0.000 r  
    W5                                                0.000     0.000 r  clkin (IN)
                         net (fo=0)                   0.000     0.000    not_so_slow/my_clk_inst/clkin
    W5                   IBUF (Prop_ibuf_I_O)         0.414     0.414 r  not_so_slow/my_clk_inst/clkin1_ibufg/O
                         net (fo=1, routed)           0.480     0.894    not_so_slow/my_clk_inst/clk_in1_clk_wiz_0
    MMCME2_ADV_X1Y0      MMCME2_ADV (Prop_mmcme2_adv_CLKIN1_CLKOUT0)
                                                     -3.142    -2.248 r  not_so_slow/my_clk_inst/mmcm_adv_inst/CLKOUT0
                         net (fo=1, routed)           0.530    -1.718    not_so_slow/slowclk/fastclk
    BUFGCTRL_X0Y0        BUFG (Prop_bufg_I_O)         0.029    -1.689 r  not_so_slow/slowclk/XLXI_401/O
                         net (fo=168, routed)         0.866    -0.824    timecount/quarter/clk
    SLICE_X2Y46          FDRE                                         r  timecount/quarter/q_0/C
                         clock pessimism              0.253    -0.570    
    SLICE_X2Y46          FDRE (Hold_fdre_C_D)         0.133    -0.437    timecount/quarter/q_0
  -------------------------------------------------------------------
                         required time                          0.437    
                         arrival time                          -0.225    
  -------------------------------------------------------------------
                         slack                                  0.212    

Slack (MET) :             0.213ns  (arrival time - required time)
  Source:                 clock/count0/q_0/C
                            (rising edge-triggered cell FDRE clocked by clk_out1_clk_wiz_0  {rise@0.000ns fall@20.000ns period=40.000ns})
  Destination:            clock/count0/q_3/D
                            (rising edge-triggered cell FDRE clocked by clk_out1_clk_wiz_0  {rise@0.000ns fall@20.000ns period=40.000ns})
  Path Group:             clk_out1_clk_wiz_0
  Path Type:              Hold (Min at Fast Process Corner)
  Requirement:            0.000ns  (clk_out1_clk_wiz_0 rise@0.000ns - clk_out1_clk_wiz_0 rise@0.000ns)
  Data Path Delay:        0.333ns  (logic 0.190ns (57.053%)  route 0.143ns (42.947%))
  Logic Levels:           1  (LUT5=1)
  Clock Path Skew:        0.013ns (DCD - SCD - CPR)
    Destination Clock Delay (DCD):    -0.824ns
    Source Clock Delay      (SCD):    -0.586ns
    Clock Pessimism Removal (CPR):    -0.250ns

    Location             Delay type                Incr(ns)  Path(ns)    Netlist Resource(s)
  -------------------------------------------------------------------    -------------------
                         (clock clk_out1_clk_wiz_0 rise edge)
                                                      0.000     0.000 r  
    W5                                                0.000     0.000 r  clkin (IN)
                         net (fo=0)                   0.000     0.000    not_so_slow/my_clk_inst/clkin
    W5                   IBUF (Prop_ibuf_I_O)         0.226     0.226 r  not_so_slow/my_clk_inst/clkin1_ibufg/O
                         net (fo=1, routed)           0.440     0.667    not_so_slow/my_clk_inst/clk_in1_clk_wiz_0
    MMCME2_ADV_X1Y0      MMCME2_ADV (Prop_mmcme2_adv_CLKIN1_CLKOUT0)
                                                     -2.360    -1.693 r  not_so_slow/my_clk_inst/mmcm_adv_inst/CLKOUT0
                         net (fo=1, routed)           0.486    -1.207    not_so_slow/slowclk/fastclk
    BUFGCTRL_X0Y0        BUFG (Prop_bufg_I_O)         0.026    -1.181 r  not_so_slow/slowclk/XLXI_401/O
                         net (fo=168, routed)         0.595    -0.586    clock/count0/clk_out
    SLICE_X0Y46          FDRE                                         r  clock/count0/q_0/C
  -------------------------------------------------------------------    -------------------
    SLICE_X0Y46          FDRE (Prop_fdre_C_Q)         0.141    -0.445 r  clock/count0/q_0/Q
                         net (fo=10, routed)          0.143    -0.302    clock/count0/q_0_0
    SLICE_X1Y46          LUT5 (Prop_lut5_I2_O)        0.049    -0.253 r  clock/count0/q_3_i_3__4/O
                         net (fo=1, routed)           0.000    -0.253    clock/count0/inD_3
    SLICE_X1Y46          FDRE                                         r  clock/count0/q_3/D
  -------------------------------------------------------------------    -------------------

                         (clock clk_out1_clk_wiz_0 rise edge)
                                                      0.000     0.000 r  
    W5                                                0.000     0.000 r  clkin (IN)
                         net (fo=0)                   0.000     0.000    not_so_slow/my_clk_inst/clkin
    W5                   IBUF (Prop_ibuf_I_O)         0.414     0.414 r  not_so_slow/my_clk_inst/clkin1_ibufg/O
                         net (fo=1, routed)           0.480     0.894    not_so_slow/my_clk_inst/clk_in1_clk_wiz_0
    MMCME2_ADV_X1Y0      MMCME2_ADV (Prop_mmcme2_adv_CLKIN1_CLKOUT0)
                                                     -3.142    -2.248 r  not_so_slow/my_clk_inst/mmcm_adv_inst/CLKOUT0
                         net (fo=1, routed)           0.530    -1.718    not_so_slow/slowclk/fastclk
    BUFGCTRL_X0Y0        BUFG (Prop_bufg_I_O)         0.029    -1.689 r  not_so_slow/slowclk/XLXI_401/O
                         net (fo=168, routed)         0.866    -0.824    clock/count0/clk_out
    SLICE_X1Y46          FDRE                                         r  clock/count0/q_3/C
                         clock pessimism              0.250    -0.573    
    SLICE_X1Y46          FDRE (Hold_fdre_C_D)         0.107    -0.466    clock/count0/q_3
  -------------------------------------------------------------------
                         required time                          0.466    
                         arrival time                          -0.253    
  -------------------------------------------------------------------
                         slack                                  0.213    

Slack (MET) :             0.215ns  (arrival time - required time)
  Source:                 plantcount0/q_1/C
                            (rising edge-triggered cell FDRE clocked by clk_out1_clk_wiz_0  {rise@0.000ns fall@20.000ns period=40.000ns})
  Destination:            plantcount0/q_0/D
                            (rising edge-triggered cell FDRE clocked by clk_out1_clk_wiz_0  {rise@0.000ns fall@20.000ns period=40.000ns})
  Path Group:             clk_out1_clk_wiz_0
  Path Type:              Hold (Min at Fast Process Corner)
  Requirement:            0.000ns  (clk_out1_clk_wiz_0 rise@0.000ns - clk_out1_clk_wiz_0 rise@0.000ns)
  Data Path Delay:        0.335ns  (logic 0.246ns (73.413%)  route 0.089ns (26.587%))
  Logic Levels:           1  (LUT6=1)
  Clock Path Skew:        0.000ns (DCD - SCD - CPR)
    Destination Clock Delay (DCD):    -0.855ns
    Source Clock Delay      (SCD):    -0.616ns
    Clock Pessimism Removal (CPR):    -0.238ns

    Location             Delay type                Incr(ns)  Path(ns)    Netlist Resource(s)
  -------------------------------------------------------------------    -------------------
                         (clock clk_out1_clk_wiz_0 rise edge)
                                                      0.000     0.000 r  
    W5                                                0.000     0.000 r  clkin (IN)
                         net (fo=0)                   0.000     0.000    not_so_slow/my_clk_inst/clkin
    W5                   IBUF (Prop_ibuf_I_O)         0.226     0.226 r  not_so_slow/my_clk_inst/clkin1_ibufg/O
                         net (fo=1, routed)           0.440     0.667    not_so_slow/my_clk_inst/clk_in1_clk_wiz_0
    MMCME2_ADV_X1Y0      MMCME2_ADV (Prop_mmcme2_adv_CLKIN1_CLKOUT0)
                                                     -2.360    -1.693 r  not_so_slow/my_clk_inst/mmcm_adv_inst/CLKOUT0
                         net (fo=1, routed)           0.486    -1.207    not_so_slow/slowclk/fastclk
    BUFGCTRL_X0Y0        BUFG (Prop_bufg_I_O)         0.026    -1.181 r  not_so_slow/slowclk/XLXI_401/O
                         net (fo=168, routed)         0.565    -0.616    plantcount0/clk
    SLICE_X12Y42         FDRE                                         r  plantcount0/q_1/C
  -------------------------------------------------------------------    -------------------
    SLICE_X12Y42         FDRE (Prop_fdre_C_Q)         0.148    -0.468 r  plantcount0/q_1/Q
                         net (fo=8, routed)           0.089    -0.379    plantcount0/q_1_n_0
    SLICE_X12Y42         LUT6 (Prop_lut6_I2_O)        0.098    -0.281 r  plantcount0/q_0_i_1__20/O
                         net (fo=1, routed)           0.000    -0.281    plantcount0/nextdeath
    SLICE_X12Y42         FDRE                                         r  plantcount0/q_0/D
  -------------------------------------------------------------------    -------------------

                         (clock clk_out1_clk_wiz_0 rise edge)
                                                      0.000     0.000 r  
    W5                                                0.000     0.000 r  clkin (IN)
                         net (fo=0)                   0.000     0.000    not_so_slow/my_clk_inst/clkin
    W5                   IBUF (Prop_ibuf_I_O)         0.414     0.414 r  not_so_slow/my_clk_inst/clkin1_ibufg/O
                         net (fo=1, routed)           0.480     0.894    not_so_slow/my_clk_inst/clk_in1_clk_wiz_0
    MMCME2_ADV_X1Y0      MMCME2_ADV (Prop_mmcme2_adv_CLKIN1_CLKOUT0)
                                                     -3.142    -2.248 r  not_so_slow/my_clk_inst/mmcm_adv_inst/CLKOUT0
                         net (fo=1, routed)           0.530    -1.718    not_so_slow/slowclk/fastclk
    BUFGCTRL_X0Y0        BUFG (Prop_bufg_I_O)         0.029    -1.689 r  not_so_slow/slowclk/XLXI_401/O
                         net (fo=168, routed)         0.835    -0.855    plantcount0/clk
    SLICE_X12Y42         FDRE                                         r  plantcount0/q_0/C
                         clock pessimism              0.238    -0.616    
    SLICE_X12Y42         FDRE (Hold_fdre_C_D)         0.120    -0.496    plantcount0/q_0
  -------------------------------------------------------------------
                         required time                          0.496    
                         arrival time                          -0.281    
  -------------------------------------------------------------------
                         slack                                  0.215    





Pulse Width Checks
--------------------------------------------------------------------------------------
Clock Name:         clk_out1_clk_wiz_0
Waveform(ns):       { 0.000 20.000 }
Period(ns):         40.000
Sources:            { not_so_slow/my_clk_inst/mmcm_adv_inst/CLKOUT0 }

Check Type        Corner  Lib Pin             Reference Pin  Required(ns)  Actual(ns)  Slack(ns)  Location         Pin
Min Period        n/a     BUFG/I              n/a            2.155         40.000      37.845     BUFGCTRL_X0Y0    not_so_slow/slowclk/XLXI_401/I
Min Period        n/a     MMCME2_ADV/CLKOUT0  n/a            1.249         40.000      38.751     MMCME2_ADV_X1Y0  not_so_slow/my_clk_inst/mmcm_adv_inst/CLKOUT0
Min Period        n/a     FDRE/C              n/a            1.000         40.000      39.000     SLICE_X0Y46      clock/count0/q_0/C
Min Period        n/a     FDRE/C              n/a            1.000         40.000      39.000     SLICE_X1Y46      clock/count0/q_1/C
Min Period        n/a     FDRE/C              n/a            1.000         40.000      39.000     SLICE_X1Y46      clock/count0/q_2/C
Min Period        n/a     FDRE/C              n/a            1.000         40.000      39.000     SLICE_X1Y46      clock/count0/q_3/C
Min Period        n/a     FDRE/C              n/a            1.000         40.000      39.000     SLICE_X6Y37      coords/v0/q_0/C
Min Period        n/a     FDRE/C              n/a            1.000         40.000      39.000     SLICE_X6Y37      coords/v0/q_1/C
Min Period        n/a     FDRE/C              n/a            1.000         40.000      39.000     SLICE_X1Y42      jumpcontrol/q_4/C
Min Period        n/a     FDRE/C              n/a            1.000         40.000      39.000     SLICE_X2Y42      jumpcontrol/q_5/C
Max Period        n/a     MMCME2_ADV/CLKOUT0  n/a            213.360       40.000      173.360    MMCME2_ADV_X1Y0  not_so_slow/my_clk_inst/mmcm_adv_inst/CLKOUT0
Low Pulse Width   Slow    FDRE/C              n/a            0.500         20.000      19.500     SLICE_X1Y34      yrandom/y20/C
Low Pulse Width   Slow    FDRE/C              n/a            0.500         20.000      19.500     SLICE_X1Y34      yrandom/y21/C
Low Pulse Width   Slow    FDRE/C              n/a            0.500         20.000      19.500     SLICE_X2Y34      yrandom/random/q_3/C
Low Pulse Width   Slow    FDRE/C              n/a            0.500         20.000      19.500     SLICE_X2Y34      yrandom/random/q_4/C
Low Pulse Width   Slow    FDRE/C              n/a            0.500         20.000      19.500     SLICE_X2Y34      yrandom/random/q_5/C
Low Pulse Width   Slow    FDRE/C              n/a            0.500         20.000      19.500     SLICE_X3Y34      yrandom/y04/C
Low Pulse Width   Slow    FDRE/C              n/a            0.500         20.000      19.500     SLICE_X3Y34      yrandom/y05/C
Low Pulse Width   Slow    FDRE/C              n/a            0.500         20.000      19.500     SLICE_X3Y34      yrandom/y06/C
Low Pulse Width   Slow    FDRE/C              n/a            0.500         20.000      19.500     SLICE_X0Y46      clock/count0/q_0/C
Low Pulse Width   Slow    FDRE/C              n/a            0.500         20.000      19.500     SLICE_X1Y46      clock/count0/q_1/C
High Pulse Width  Slow    FDRE/C              n/a            0.500         20.000      19.500     SLICE_X0Y46      clock/count0/q_0/C
High Pulse Width  Slow    FDRE/C              n/a            0.500         20.000      19.500     SLICE_X1Y46      clock/count0/q_1/C
High Pulse Width  Slow    FDRE/C              n/a            0.500         20.000      19.500     SLICE_X1Y46      clock/count0/q_2/C
High Pulse Width  Slow    FDRE/C              n/a            0.500         20.000      19.500     SLICE_X1Y46      clock/count0/q_3/C
High Pulse Width  Fast    FDRE/C              n/a            0.500         20.000      19.500     SLICE_X6Y37      coords/v0/q_0/C
High Pulse Width  Fast    FDRE/C              n/a            0.500         20.000      19.500     SLICE_X6Y37      coords/v0/q_1/C
High Pulse Width  Slow    FDRE/C              n/a            0.500         20.000      19.500     SLICE_X1Y42      jumpcontrol/q_4/C
High Pulse Width  Slow    FDRE/C              n/a            0.500         20.000      19.500     SLICE_X2Y42      jumpcontrol/q_5/C
High Pulse Width  Slow    FDRE/C              n/a            0.500         20.000      19.500     SLICE_X1Y43      jumpcontrol/q_6/C
High Pulse Width  Slow    FDRE/C              n/a            0.500         20.000      19.500     SLICE_X1Y43      jumpcontrol/q_7/C



---------------------------------------------------------------------------------------------------
From Clock:  clkfbout_clk_wiz_0
  To Clock:  clkfbout_clk_wiz_0

Setup :           NA  Failing Endpoints,  Worst Slack           NA  ,  Total Violation           NA
Hold  :           NA  Failing Endpoints,  Worst Slack           NA  ,  Total Violation           NA
PW    :            0  Failing Endpoints,  Worst Slack        7.845ns,  Total Violation        0.000ns
---------------------------------------------------------------------------------------------------


Pulse Width Checks
--------------------------------------------------------------------------------------
Clock Name:         clkfbout_clk_wiz_0
Waveform(ns):       { 0.000 5.000 }
Period(ns):         10.000
Sources:            { not_so_slow/my_clk_inst/mmcm_adv_inst/CLKFBOUT }

Check Type  Corner  Lib Pin              Reference Pin  Required(ns)  Actual(ns)  Slack(ns)  Location         Pin
Min Period  n/a     BUFG/I               n/a            2.155         10.000      7.845      BUFGCTRL_X0Y1    not_so_slow/my_clk_inst/clkf_buf/I
Min Period  n/a     MMCME2_ADV/CLKFBOUT  n/a            1.249         10.000      8.751      MMCME2_ADV_X1Y0  not_so_slow/my_clk_inst/mmcm_adv_inst/CLKFBOUT
Min Period  n/a     MMCME2_ADV/CLKFBIN   n/a            1.249         10.000      8.751      MMCME2_ADV_X1Y0  not_so_slow/my_clk_inst/mmcm_adv_inst/CLKFBIN
Max Period  n/a     MMCME2_ADV/CLKFBIN   n/a            100.000       10.000      90.000     MMCME2_ADV_X1Y0  not_so_slow/my_clk_inst/mmcm_adv_inst/CLKFBIN
Max Period  n/a     MMCME2_ADV/CLKFBOUT  n/a            213.360       10.000      203.360    MMCME2_ADV_X1Y0  not_so_slow/my_clk_inst/mmcm_adv_inst/CLKFBOUT



